time,SoC
0,0.7065812020540153
1,0.8087189514774772
2,0.7039466138705367
3,0.7414025969797932
4,0.9370940286748456
5,0.6263719101935341
6,0.5895945594725236
7,0.8179461553326909
8,0.691677068537567
9,0.7231421113979094
10,0.6833543086879773
11,0.7287468544269504
12,0.889843633412306
13,0.8211922802042871
14,0.8266635382261881
15,0.629751287287027
16,0.6529595059143456
17,0.5071501028074024
18,0.6830698799510583
19,0.8361745871424001
20,0.7983799542521864
21,0.7347334038560872
22,0.752233300010844
23,0.6948035823873602
24,0.7723974830764401
25,0.8212121512705858
26,0.6153417890843627
27,0.7813663219087376
28,0.8363772682476702
29,0.720005016313437
30,0.8168125764214569
31,1.0
32,0.7476234185204385
33,0.7909278782035628
34,0.6932517140717319
35,0.7730422707369532
36,0.7974184072115341
37,0.7746740707862146
38,0.6697892273675575
39,0.7761154954577787
40,0.8850158275866484
41,0.7975152671911997
42,0.8421536551322346
43,0.738598701985407
44,0.8242137270722897
45,0.7836867031215388
46,0.6774237488602759
47,0.7874787195509745
48,0.674282265194638
49,0.7055238865895582
50,0.7768648675085057
51,0.7863859518091314
52,0.65792146086163
53,0.8522285297757124
54,0.8106877834080413
55,0.7003635207897917
56,0.6284495135765932
57,0.7491339732087763
58,0.723236603626914
59,0.7717720025986399
60,0.7307028240178105
61,0.5885412780819996
62,0.7288010590026204
63,0.7360950429260594
64,0.8175125102171051
65,0.7023765972913371
66,0.9081976730668867
67,0.5976018326698604
68,0.8766228571909164
69,0.7438470752739216
70,0.8377540405225864
71,0.7703692196152171
72,0.8621770401312132
73,0.730124488853837
74,0.668656020250711
75,0.8867466523987475
76,0.7540683205892077
77,0.7831342808423293
78,0.8708842529829173
79,0.6747802197353254
80,0.8156791167990392
81,0.713145016254648
82,0.7528040921706551
83,0.770539096725685
84,0.634488376750213
85,0.6969500885957022
86,0.8813033380460956
87,0.8410930666710554
88,0.7589957893371727
89,0.7854684605595492
90,0.7389699357675663
91,0.8818367637016781
92,0.7470923053390918
93,0.7844860102795354
94,0.8635871927634823
95,0.6971124841798639
96,0.8992635929441075
97,0.6318835332045297
98,0.9053298326464423
99,0.7320046252054456
100,0.7432071925801305
101,0.6005944154446039
102,0.7247444059216848
103,0.6740546143797115
104,0.7113876425011819
105,0.7520191474168428
106,0.8467139731802877
107,0.7817083587225049
108,0.7902807998684829
109,0.6687520290926107
110,0.6872395937058421
111,0.9190231499865942
112,0.6996229381676334
113,0.9064658379953756
114,0.7419795748128958
115,0.7630876541523368
116,0.8553910404191951
117,0.8726962457209964
118,0.7528936236771093
119,0.7287384780760217
120,0.757347412478282
121,0.7912783161829796
122,0.8390047771843088
123,0.7620692936626295
124,0.8150914504701412
125,0.9031422011665315
126,0.7941729962041343
127,0.787958154084413
128,0.629345897959868
129,0.5329302337099241
130,0.7940081368071094
131,0.7519845633789924
132,0.715429137635895
133,0.7808387980551159
134,0.7543146569053086
135,0.8569165763129489
136,0.7665377541802217
137,0.694209902413071
138,0.844300987653971
139,0.7395742814526719
140,0.8036833622735828
141,0.7165457418217289
142,0.7013659415818682
143,0.7646242740688141
144,0.7581828598272916
145,0.798325861231102
146,0.7332751706829082
147,0.5973213634561207
148,0.7185054959052518
149,0.8243680022741161
150,0.7296403934112222
151,0.7337557949035766
152,0.8401395887229023
153,0.6928552375304274
154,0.6206437731698154
155,0.7399459794771487
156,0.7116283036085311
157,0.6695873159836279
158,0.7377053263790769
159,0.7950897946519041
160,0.7514173635543667
161,0.7784516437041361
162,0.9084809194535112
163,0.721528161876373
164,0.7749435708475534
165,0.7064361275375187
166,0.6769052215697108
167,0.6991749484565262
168,0.7080012349746985
169,0.7801804988049619
170,0.9519981614366361
171,0.6863672981047424
172,0.7119072684924569
173,0.7421249002846647
174,0.7814629281128611
175,0.7696371732420247
176,0.8575737401400627
177,0.53607464301873
178,0.5391011665261011
179,0.7023654607038213
180,0.839848783717455
181,0.608996056561848
182,0.4838057104014175
183,0.7931228863518937
184,0.7643759797279901
185,0.6485360361205446
186,0.6571877476431391
187,0.6581463001754462
188,0.7512255077483581
189,0.6870449121890602
190,0.783590997238523
191,0.49337322491963853
192,0.6658477054923184
193,0.64213199846917
194,0.7169789052268332
195,0.6921782672087986
196,0.8073665985245219
197,0.5769853149919567
198,0.7414082963433863
199,0.7853652391973488
200,0.8972970415407894
201,0.6944985743856823
202,0.7638425744673999
203,0.5792243857084542
204,0.5278999695918709
205,0.8075829092116926
206,0.7335625694202114
207,0.8356035307891844
208,0.6143242461141866
209,0.7777429904847599
210,0.894049022429858
211,0.7682080290995069
212,0.7553898429570742
213,0.7317625077856384
214,0.5946430851481428
215,0.8474727745177212
216,0.6768627102456923
217,0.7729556810019222
218,0.5935981654012854
219,0.6263635944488961
220,0.8522024389251587
221,0.6975222650623003
222,0.8529200128692557
223,0.7199533899050912
224,0.5668959993278294
225,0.8030736994089235
226,0.6743978555140017
227,0.7854913074471519
228,0.7267854539090569
229,0.5906386773366578
230,0.7379825289595935
231,0.9134120236953275
232,0.7655943735348989
233,0.7175380763176112
234,0.815165236596853
235,0.7399233558867785
236,0.7394158120120229
237,0.6264033609762407
238,0.7407068875602653
239,0.8096749933796735
240,0.6473096804779007
241,0.8425435596263351
242,0.7109313151015493
243,0.6416435742027888
244,0.804417540476079
245,0.6928706894031246
246,0.7830328361075737
247,0.6916685474168036
248,0.7113580980781465
249,0.7588695996406988
250,0.7409538223747001
251,0.542707616239953
252,0.6179990510149627
253,0.7950984699000053
254,0.702864860917175
255,0.6686132944510172
256,0.5960052897609731
257,0.6197806034568349
258,0.5379000377843786
259,0.7037561958459907
260,0.6603853090814321
261,0.6281823282694893
262,0.7055981994167753
263,0.7426569750112596
264,0.8919758412612022
265,0.5796566120191379
266,0.8105085897037237
267,0.7940667455988383
268,0.6421112974389926
269,0.7268107809644896
270,0.6693085272008638
271,0.724677514890083
272,0.8389094885466011
273,0.7604193028779921
274,0.7517316502908037
275,0.6701866973829282
276,0.578708325543393
277,0.6888195417828002
278,0.8110065733400469
279,0.574147918867078
280,0.6147346546022229
281,0.7167081508336893
282,0.6203075940342114
283,0.636680368209349
284,0.6683576880550444
285,0.5865878349826408
286,0.6202275303612309
287,0.7651695079673668
288,0.5909191338061931
289,0.5655511996933736
290,0.649088018167721
291,0.7667386211800262
292,0.686138536203122
293,0.6627663333992583
294,0.7066073489371164
295,0.5514925790602787
296,0.7451883686962716
297,0.7353695915460212
298,0.6665796517598557
299,0.788877293878274
300,0.6040722592405644
301,0.7990898919311098
302,0.7146838827854411
303,0.6720280043897595
304,0.6992792406930654
305,0.6915664164060684
306,0.8063102074089195
307,0.6073866772648682
308,0.6344398595679343
309,0.7899836900397371
310,0.6486363649612145
311,0.7779892857117258
312,0.847013169475113
313,0.6650586942069759
314,0.7586925839224232
315,0.5997836066320743
316,0.7648479184214916
317,0.7167007150132207
318,0.7402952427458885
319,0.6434088866327077
320,0.5554499404762192
321,0.7426863046486382
322,0.5204982769509414
323,0.6715456035788219
324,0.7804069312766262
325,0.7155127774580686
326,0.8674743834612484
327,0.7875362092125529
328,0.6421967691032
329,0.7011203421442439
330,0.6946320757750424
331,0.5617868149957415
332,0.6173123386132553
333,0.6501565979345241
334,0.5224618216576125
335,0.7027898388215409
336,0.6771285018237897
337,0.5539168616187262
338,0.733687324067635
339,0.7606771796211884
340,0.7183949935042109
341,0.6707289618042305
342,0.7499911584018959
343,0.7577108822273954
344,0.7254877971702557
345,0.6275666220910593
346,0.7229180125096842
347,0.8024943710814797
348,0.6474606755201587
349,0.8807174408600751
350,0.6537361825843323
351,0.7021019498797887
352,0.6411754307662555
353,0.7187764869518907
354,0.5487635024724307
355,0.6523720913478248
356,0.6052061541724252
357,0.711529854426008
358,0.7859797488040953
359,0.7559297705545873
360,0.49488366879492507
361,0.8769691490837356
362,0.7259148122122269
363,0.6332809834544274
364,0.7142026980592381
365,0.7159797496186971
366,0.6431524856781407
367,0.718125513475547
368,0.6485635163811848
369,0.666282475104545
370,0.6420295472854382
371,0.5775833233493688
372,0.7143418273723227
373,0.7525282999353976
374,0.7465919633788033
375,0.773151530659588
376,0.7304262627203679
377,0.6564206730659786
378,0.7753594572843466
379,0.5853832622960778
380,0.6250946655229548
381,0.6197744713745897
382,0.7968688060370456
383,0.7851722709271091
384,0.745939193844124
385,0.7967215505668205
386,0.6280498280788703
387,0.7345052372590389
388,0.6936988848225669
389,0.7780193530059717
390,0.6949555706795502
391,0.6718144027771692
392,0.7521421874978612
393,0.7813609248531919
394,0.6479019602290487
395,0.7006643879575809
396,0.6145601793697583
397,0.4901838691971846
398,0.7239320500732808
399,0.7594939876060927
400,0.7296934587458239
401,0.5385115466125072
402,0.6770853408240758
403,0.5156874576155093
404,0.8264245791239142
405,0.6141197387806274
406,0.8169762695662197
407,0.7904114538324214
408,0.6308387247498479
409,0.6109684114878552
410,0.7395484803176802
411,0.6363826133184017
412,0.7185471207163419
413,0.6681191730197311
414,0.5559854450250917
415,0.5173279069394967
416,0.7302015083042488
417,0.6622122424072054
418,0.6631718086284332
419,0.771485374102996
420,0.8130423924851102
421,0.6881299409021127
422,0.6824662174609308
423,0.7554510655004418
424,0.5949606421665486
425,0.7319289591234505
426,0.7606017905169565
427,0.771931846352037
428,0.5456749863261477
429,0.6476174096697711
430,0.6377201682114106
431,0.7225904042688639
432,0.7557686218497339
433,0.8439091720689209
434,0.6717611180441954
435,0.6717497072321722
436,0.8145183174789031
437,0.7409010354832066
438,0.8251494621609439
439,0.740639501514862
440,0.6157195246840007
441,0.6006916206553341
442,0.5819948676689707
443,0.7737618035236435
444,0.8195287098711116
445,0.8769092149621036
446,0.790020123221836
447,0.8178826207312477
448,0.6672423033979946
449,0.617546987473585
450,0.7913780833650341
451,0.7541399167025922
452,0.7274713186086416
453,0.7518739868978611
454,0.7464936895712488
455,0.8298003395388583
456,0.8309357291380473
457,0.7661289001228943
458,0.7923913530303648
459,0.7638417195558751
460,0.679599878870967
461,0.785138569890344
462,0.5991318270127297
463,0.8111670522240606
464,0.616728341801417
465,0.7449788693094649
466,0.647240205933465
467,0.7684059874641533
468,0.7177081039772136
469,0.5827564792328563
470,0.7573000902232094
471,0.6709957499358145
472,0.7973807901291576
473,0.7213498419339001
474,0.755562206643105
475,0.6385743160384675
476,0.6705407637236322
477,0.6819456445337587
478,0.7958681300713255
479,0.8669769773342425
480,0.6522140053265999
481,0.8151652314206247
482,0.5342775276339458
483,0.6187669210374392
484,0.639204121535216
485,0.6051896992139726
486,0.5852468487578338
487,0.7580861818682129
488,0.7038646468273262
489,0.7552664046456041
490,0.7822235070361563
491,0.7454876330812484
492,0.7794519676548124
493,0.7165327811759229
494,0.6198430423232008
495,0.8141258845022492
496,0.6716053916602153
497,0.6416228260899388
498,0.7071917317998995
499,0.6435855227093176
500,0.6864446243544517
501,0.7523278260885363
502,0.7526766520850982
503,0.6448030991838348
504,0.6802636294686465
505,0.8154079228962076
506,0.7653496530448496
507,0.9019224766766447
508,0.8244196445119994
509,0.8212599660101442
510,0.6020579528867285
511,0.7882039260886773
512,0.7174277292032587
513,0.6742611128978728
514,0.7363997401459147
515,0.8035697133498914
516,0.7650167189414598
517,0.6455480715042771
518,0.7857206844689582
519,0.6661772101000947
520,0.7399906499781809
521,0.6948637270119632
522,0.7020475503546906
523,0.7871679315996788
524,0.6306969812514961
525,0.8889148222310858
526,0.5628242838106321
527,0.6685469558198242
528,0.7521494295151121
529,0.7705131553645813
530,0.7110796087985511
531,0.7146324714356596
532,0.7549478700921911
533,0.6992343755766833
534,0.8396085152815643
535,0.7914817087758651
536,0.7941763708453645
537,0.6348196482861056
538,0.7113494692600286
539,0.6919988578395789
540,0.6307516854805117
541,0.7487192212339785
542,0.6707872242777441
543,0.7737972287584506
544,0.6242167215873666
545,0.8653533016450067
546,0.6387594291782881
547,0.7350494047143281
548,0.7843352826403703
549,0.6661524719887663
550,0.7890368341089599
551,0.6086071922410947
552,0.8403681498170346
553,0.7156343797988521
554,0.6625012751073976
555,0.6879253363868955
556,0.783519043441474
557,0.6626253003949193
558,0.6480412813967867
559,0.6934022635756687
560,0.610395484049787
561,0.8694787079099985
562,0.6625767853749648
563,0.7832274816151159
564,0.7290451919059631
565,0.625368794286391
566,0.7097077370091929
567,0.7777186368051046
568,0.6932190726604214
569,0.8124038455816812
570,0.7971871453544426
571,0.7879374489339946
572,0.6682585787428326
573,0.6142079120534032
574,0.6541759996734755
575,0.723873715978253
576,0.7537337688767988
577,0.5181740109540335
578,0.7050060947790451
579,0.7189879672526489
580,0.6808821112518088
581,0.8162419148842324
582,0.7405818076206562
583,0.8170508976021822
584,0.6845553622775657
585,0.7839535956187311
586,0.8438984527025439
587,0.8154840105838026
588,0.6070190631884164
589,0.6791461965478137
590,0.6707902125768062
591,0.7425611858314216
592,0.7591742986460416
593,0.6267293828771832
594,0.7047498950456923
595,0.523617955685018
596,0.8227601769282993
597,0.653171796911481
598,0.7018880962613782
599,0.6697932320308614
600,0.795305530837114
601,0.45009533846229954
602,0.6937519330904323
603,0.6855601388239992
604,0.654985732638442
605,0.843159875634611
606,0.6165000542530266
607,0.7596048117509263
608,0.7231618063462227
609,0.8010226432250432
610,0.6336240273939618
611,0.6274454382118886
612,0.7852467844007948
613,0.7267101508355451
614,0.5557100154649119
615,0.642248208750567
616,0.7218666811661898
617,0.7604366827959382
618,0.628658456737155
619,0.4347395215057291
620,0.7317296276445805
621,0.5803428792685792
622,0.510869679585429
623,0.43984079983822894
624,0.754900687450075
625,0.6950887280485272
626,0.6639295528657814
627,0.8031673517293128
628,0.7376136452680139
629,0.8218358828548782
630,0.5609276312792298
631,0.6779673844426113
632,0.5405436801373281
633,0.6601060861960003
634,0.6579418420850637
635,0.7331865531162813
636,0.682402362828574
637,0.7319115851836813
638,0.7383398847288744
639,0.8634573398401137
640,0.6491825639794331
641,0.5945352498965328
642,0.6967749559261103
643,0.6055535830765806
644,0.8027434983564584
645,0.6494896597024554
646,0.6245632603315703
647,0.6322314867981806
648,0.7347054358975732
649,0.6583938988235064
650,0.6160294842698286
651,0.8152000417417233
652,0.5965006939257806
653,0.6731932055577607
654,0.7260888179105478
655,0.5279814941156681
656,0.7102486926696223
657,0.5769023624759134
658,0.7389483386978193
659,0.5839650624652851
660,0.7267623789630093
661,0.7620460157401995
662,0.7404340628262706
663,0.6871741133461446
664,0.6449509674798869
665,0.6146298252915678
666,0.7913693616975681
667,0.6030788180951292
668,0.5734189855345198
669,0.720308174051512
670,0.5933865053009616
671,0.5796283058322309
672,0.5364822540741517
673,0.6191917140331583
674,0.6533975709280447
675,0.6811689510466982
676,0.7420379394346505
677,0.7048908189005414
678,0.6423589747615137
679,0.6413140606764223
680,0.7022087416772803
681,0.7677854121105465
682,0.6681857051411756
683,0.6162579547590683
684,0.5705398567142012
685,0.5310042883195809
686,0.7133501661910743
687,0.7053277808395947
688,0.7048970072267018
689,0.6434228097950871
690,0.7759466846701527
691,0.6119257297329788
692,0.7361319316326457
693,0.6497510274978556
694,0.6001031451063401
695,0.7036811880465756
696,0.6875088695590656
697,0.6826113458626112
698,0.658416675316518
699,0.6477722439358481
700,0.8574194625288755
701,0.7528908194195812
702,0.7126402279754829
703,0.6594477192475449
704,0.7366254742271187
705,0.6939887210412771
706,0.6511292642385184
707,0.6222961501221471
708,0.641274983843195
709,0.3736180557746122
710,0.6659389761156159
711,0.6051644265561776
712,0.785000803628436
713,0.6485767628739595
714,0.5437470674464112
715,0.6420702042608706
716,0.5556030815970948
717,0.6868606615858678
718,0.670829755983848
719,0.7283085231371877
720,0.5767402949768928
721,0.6479025940304273
722,0.5266075037603217
723,0.7052328219541283
724,0.6892181542269609
725,0.6870170200512413
726,0.644049358112737
727,0.6796098344324116
728,0.782367730552315
729,0.6186679965027876
730,0.6551600169745245
731,0.5489917665999687
732,0.5676773547214342
733,0.6511196047956069
734,0.7380326834662815
735,0.6201636008874578
736,0.6217777231159054
737,0.6068386689607542
738,0.5956345018458946
739,0.6673080714929988
740,0.5120773721627302
741,0.7523856485835303
742,0.5838262718883588
743,0.7037760172720823
744,0.5312857443390312
745,0.6989747451409338
746,0.69914652688187
747,0.6741529058058057
748,0.5547567155000614
749,0.662331252698082
750,0.5382741426103784
751,0.6187119017306439
752,0.7296073491561718
753,0.7094063736295682
754,0.641715423718816
755,0.5559879448982433
756,0.6961732033182889
757,0.6419380191248436
758,0.439418806049669
759,0.707921560566713
760,0.6380665038663529
761,0.7442034152521138
762,0.5453359354473948
763,0.3651911978597341
764,0.6642533054995468
765,0.6653293066314183
766,0.4937832774451795
767,0.5554212186040156
768,0.8785542543934015
769,0.6136782198562784
770,0.7034036502530215
771,0.5838586375511342
772,0.4592964628674346
773,0.625492712813877
774,0.6172772888613575
775,0.6056972585867766
776,0.6304267569042279
777,0.663266946952361
778,0.6274579682678538
779,0.531116576490842
780,0.6826424215846264
781,0.4719292723860368
782,0.46325846426273015
783,0.7047432136183928
784,0.684727971579889
785,0.635962438480008
786,0.5202484722888001
787,0.5798368236700887
788,0.618453292051256
789,0.5031746723450707
790,0.5774275953254902
791,0.6979400925673901
792,0.7651128523501556
793,0.6054004465787379
794,0.7072786034225682
795,0.4762786074651696
796,0.6991131471309517
797,0.5725884008374525
798,0.6688857905659045
799,0.6209732128066331
800,0.7568150557497204
801,0.5670007678857618
802,0.6971256092135157
803,0.6187599720652143
804,0.6293894415363206
805,0.6273213768216203
806,0.5701916363784107
807,0.6423055446780935
808,0.6382541485322348
809,0.6647056821051417
810,0.6512961250553623
811,0.7131996604218414
812,0.7242206875188004
813,0.5535361333056094
814,0.7198071651984242
815,0.5421184476072829
816,0.6958268800094498
817,0.6987540638495973
818,0.4798810380820263
819,0.6535079700716144
820,0.6050893775414669
821,0.5801429090893747
822,0.7628887576668195
823,0.5895891677192239
824,0.5765521377718631
825,0.6530672380094847
826,0.7060286105541795
827,0.6346185515636974
828,0.7479988095129048
829,0.6931929239917817
830,0.45891763846515576
831,0.601787080712437
832,0.5991696416382948
833,0.6894622887426934
834,0.4210057774770565
835,0.8689446780366702
836,0.6944901822395627
837,0.6616042336184028
838,0.7511614819131848
839,0.8519168886483679
840,0.7246346112057902
841,0.7315765774063688
842,0.6609602982862888
843,0.6375876382945879
844,0.6088443419582739
845,0.5787118747748544
846,0.5909337909202397
847,0.5336930602957433
848,0.6441896410983632
849,0.5051432917710311
850,0.6676413462019735
851,0.6481552783056687
852,0.6641948501567632
853,0.6064707846321762
854,0.9181119306517733
855,0.7697174146927318
856,0.5444797714088832
857,0.6725111839621416
858,0.5999121640063585
859,0.5649055408638697
860,0.5368969646351234
861,0.6904415629540521
862,0.5942341209556465
863,0.7371233941377705
864,0.7395314932034494
865,0.7725887500744957
866,0.5800780456559067
867,0.6951401573635007
868,0.7088885341784564
869,0.6132697478956024
870,0.5876644895744499
871,0.7938930570009196
872,0.6744341841872188
873,0.7099259771299764
874,0.583883212979335
875,0.5496446285113006
876,0.6060165566920971
877,0.6446959948413583
878,0.5634576773451817
879,0.6548308773406263
880,0.5096787629889017
881,0.5589937312543409
882,0.7141032958693657
883,0.708407817398619
884,0.6223508657742374
885,0.5682921348640334
886,0.5675614475411458
887,0.6242717619898467
888,0.7124497662839495
889,0.7370973018617977
890,0.6138838867607329
891,0.557115267369197
892,0.6802029501524043
893,0.5858315744326629
894,0.6123262688701365
895,0.7719400703202918
896,0.7288955279970805
897,0.6710500830822806
898,0.54736366086875
899,0.6757881500603963
900,0.7495092927631928
901,0.6250839529524753
902,0.7745632427454443
903,0.7695507844022624
904,0.8016914464255885
905,0.684155411405361
906,0.7085991731846255
907,0.7801734162131093
908,0.6965224868306288
909,0.6144391811246901
910,0.6190075751847928
911,0.6784742655905487
912,0.5461408038618943
913,0.6454254010818169
914,0.752710823301597
915,0.46816343641686775
916,0.7905768777868188
917,0.7548883324597485
918,0.6179382317423598
919,0.704719900776076
920,0.6579279816713061
921,0.7640583772612715
922,0.7426080533074044
923,0.5363470414556105
924,0.7082772067042898
925,0.639596370173546
926,0.6644928539898807
927,0.5942344982942765
928,0.8084618525941766
929,0.7471012462231834
930,0.5929835831274484
931,0.5414126159438813
932,0.6234382054186987
933,0.6943153738110275
934,0.677393049592679
935,0.7649412244553843
936,0.7247362160695064
937,0.7401607286773397
938,0.6844112261136732
939,0.5357589476917617
940,0.6389175336959101
941,0.7474529043860324
942,0.6511035677222128
943,0.6989476596147468
944,0.6276657482204758
945,0.5659654445898246
946,0.6442444427282809
947,0.6814908439046024
948,0.5978220271055662
949,0.6339838473529379
950,0.5728908903488094
951,0.7508616981225203
952,0.6283182532715328
953,0.7793214114738178
954,0.7856889099436214
955,0.6461600941330375
956,0.5656817652517158
957,0.47221314006881443
958,0.5251088932917993
959,0.5333735761850835
960,0.7713246411828957
961,0.6618090418612543
962,0.6852538446436104
963,0.4591234921992022
964,0.5473503899751349
965,0.7275312753423449
966,0.6753116511267576
967,0.637481471911264
968,0.6988260277870002
969,0.7912264771785777
970,0.6302449562555754
971,0.6550863182981588
972,0.665454531314627
973,0.8555040727207784
974,0.4664984040851304
975,0.7069986393160301
976,0.637621727339281
977,0.6962878574791027
978,0.5900249245392415
979,0.6423503326814975
980,0.7078230479664189
981,0.9153176429080059
982,0.7155090240267438
983,0.571842263585224
984,0.608214002742776
985,0.6052950096648235
986,0.4887791332096504
987,0.6152503256972348
988,0.7068728380005725
989,0.5328091976329775
990,0.7334491713314562
991,0.6845481851461097
992,0.5784131963143819
993,0.6293232984722347
994,0.7795062163786949
995,0.7042760513488143
996,0.6411590826044075
997,0.6194314300901068
998,0.6462295921478453
999,0.5949059555283
1000,0.45663776888011176
1001,0.8151099145788024
1002,0.6514034625877891
1003,0.6720002337398151
1004,0.6321117050850649
1005,0.5730810637103035
1006,0.6201827115580162
1007,0.4974287406770264
1008,0.832474942958364
1009,0.528139208855594
1010,0.5452302620474122
1011,0.5959975060690418
1012,0.7451282518878368
1013,0.6344659499830964
1014,0.5257849488949974
1015,0.7408655211477779
1016,0.695122516376899
1017,0.6780029864868564
1018,0.6928901786633784
1019,0.837703270396404
1020,0.8191321953914058
1021,0.5701373898135761
1022,0.769636912170309
1023,0.6617965783952532
1024,0.6713612679101789
1025,0.48124647394377834
1026,0.6124823567225258
1027,0.5564119337883159
1028,0.6979432074456814
1029,0.7184994939451742
1030,0.4457993035509899
1031,0.6229448375087198
1032,0.7214610965923717
1033,0.6077375467490104
1034,0.6865069554012444
1035,0.6533212355488788
1036,0.6520161857217022
1037,0.598484923496025
1038,0.5161959301730896
1039,0.5239374458867117
1040,0.6819008522526953
1041,0.6217107809005972
1042,0.6075541297397404
1043,0.5823711491979332
1044,0.5921578038354741
1045,0.7086852216155429
1046,0.5885846020142501
1047,0.5010528532368703
1048,0.6809825103129362
1049,0.5984093104648681
1050,0.6183714568525664
1051,0.7542924658822489
1052,0.612905561575389
1053,0.6392274712732725
1054,0.5116911819376303
1055,0.594224277047081
1056,0.6655026170343269
1057,0.4776668148439654
1058,0.629173382562477
1059,0.6200353910648363
1060,0.6144077939527182
1061,0.700115622977731
1062,0.6388251548443626
1063,0.7373231450218161
1064,0.5229476840769188
1065,0.6202266146502359
1066,0.6153034194319323
1067,0.5149897531172655
1068,0.6898182267647591
1069,0.8077755573996365
1070,0.6046589190797202
1071,0.6493750844748251
1072,0.6125248267916817
1073,0.5429983253126854
1074,0.4467262091524709
1075,0.5427666763880807
1076,0.48293242284547827
1077,0.7504235938940494
1078,0.5925397002305922
1079,0.5721217943512081
1080,0.6785668768757102
1081,0.5041011574394229
1082,0.5343785062156032
1083,0.6062030438661092
1084,0.688913974635546
1085,0.64287229442657
1086,0.620522209101611
1087,0.6053713417067946
1088,0.6328304096503896
1089,0.6152301303758599
1090,0.5082315395580718
1091,0.6009471932742502
1092,0.5036356020592385
1093,0.6031705859212355
1094,0.5541595587913488
1095,0.8151247438221498
1096,0.5915184268648462
1097,0.47305830737361687
1098,0.5825885363298114
1099,0.6387676274867786
1100,0.7382618943889665
1101,0.5420614756141547
1102,0.45575955252439215
1103,0.6630328996794772
1104,0.4725026215721535
1105,0.553880927267558
1106,0.5689801433628905
1107,0.5849015579526291
1108,0.6502263334252611
1109,0.5310827680931944
1110,0.5662222933091552
1111,0.5883462985137803
1112,0.6022021376461374
1113,0.5974006178139868
1114,0.6263506202068067
1115,0.6613332828842989
1116,0.6219775894776849
1117,0.6269496178607845
1118,0.4504685234677572
1119,0.5914506714250084
1120,0.6283127585850158
1121,0.649615396935339
1122,0.5263349371007063
1123,0.5289436407498618
1124,0.5360251616688598
1125,0.6318670151106152
1126,0.6746594878253149
1127,0.5496686115919631
1128,0.6632585953402979
1129,0.5951236649318694
1130,0.573442372896826
1131,0.5656706449938034
1132,0.6483485792681348
1133,0.6116877322538794
1134,0.7802474776306277
1135,0.5093263906865731
1136,0.6277090139282945
1137,0.5368704263387354
1138,0.5072410479798778
1139,0.581338035983546
1140,0.5939781676747236
1141,0.8344541990987824
1142,0.5657968143598147
1143,0.48375410248223794
1144,0.6050231334046723
1145,0.40169230753780355
1146,0.5731226059684132
1147,0.5823178848846681
1148,0.6495530016110421
1149,0.664906963913588
1150,0.5369342636625258
1151,0.5673515726524715
1152,0.5139615974712451
1153,0.48252104267498985
1154,0.6068527405816212
1155,0.46970857072169214
1156,0.5439433378751483
1157,0.49360578417196627
1158,0.6272103351954839
1159,0.7354539098150074
1160,0.466832777177189
1161,0.41903648777748925
1162,0.5685234023900394
1163,0.5806261646311147
1164,0.5981324617112225
1165,0.540530686503066
1166,0.5617446294074434
1167,0.6108709158541981
1168,0.6690695329988453
1169,0.40980270817553177
1170,0.5470409758113187
1171,0.5974515690428819
1172,0.4994882168653283
1173,0.7287393176535292
1174,0.5239246611411842
1175,0.5753397249506302
1176,0.6270365970868587
1177,0.5277554774665503
1178,0.4191344611707023
1179,0.5418631019404823
1180,0.6680736703988115
1181,0.5498572900542339
1182,0.5057946962580882
1183,0.6591951518830514
1184,0.5505033584952739
1185,0.5350273936319411
1186,0.592165173601366
1187,0.6459911489262485
1188,0.7854697624680783
1189,0.6510094525773462
1190,0.6798655359588921
1191,0.5357797852140241
1192,0.4908674017611007
1193,0.5851278032967004
1194,0.5890981009436087
1195,0.4865810197109957
1196,0.5648459369314387
1197,0.6146769206689346
1198,0.6114154882444948
1199,0.6239797443479406
1200,0.6056338222481044
1201,0.5366951915485548
1202,0.5362223708581969
1203,0.47706432074905136
1204,0.7354135204032435
1205,0.5822549712868503
1206,0.5617709716743245
1207,0.5009937049022852
1208,0.8355776681113333
1209,0.4887824002495311
1210,0.5447109821752649
1211,0.6179692110577184
1212,0.6340864864039343
1213,0.6652086227070088
1214,0.7389090856908901
1215,0.6264499816827691
1216,0.4914293516535149
1217,0.5607612691751349
1218,0.6098187877532228
1219,0.7623503541045736
1220,0.4625796040853436
1221,0.6878113085553235
1222,0.599500366488503
1223,0.6566327976326621
1224,0.5754961912368721
1225,0.5116175939092374
1226,0.649708370267467
1227,0.641567540058784
1228,0.6692633762281875
1229,0.584198415450172
1230,0.5336525085626691
1231,0.45087644961583767
1232,0.6569040142474121
1233,0.6228969391331287
1234,0.5028528065413537
1235,0.5400471090699378
1236,0.5464867363989153
1237,0.4587669314420234
1238,0.5165715829908727
1239,0.489441206189757
1240,0.5520996344373904
1241,0.5241007404519944
1242,0.4474589354906474
1243,0.763537604542405
1244,0.6971326261581381
1245,0.5215551535388805
1246,0.6127878312204627
1247,0.6255800951274422
1248,0.6927716036016475
1249,0.5190906083067846
1250,0.6846898725454098
1251,0.5430030868916382
1252,0.475055460361468
1253,0.6535761841644577
1254,0.7028575290288059
1255,0.815360669279079
1256,0.4878166726516
1257,0.6523748710721902
1258,0.5566697615766808
1259,0.6601740949798173
1260,0.4653674370646545
1261,0.48358971105651927
1262,0.5259721975495786
1263,0.600197042582317
1264,0.5381279404409351
1265,0.6508889345815532
1266,0.6829667491316538
1267,0.6462295018015413
1268,0.7346769756528309
1269,0.6308126093462159
1270,0.4897549649080584
1271,0.7132976019282594
1272,0.5431765354691701
1273,0.6745760792343479
1274,0.7322183305680775
1275,0.6357833327721146
1276,0.4670152339446069
1277,0.5172657417924784
1278,0.7114350638033008
1279,0.5825568832677501
1280,0.6043089931887217
1281,0.6633205467600309
1282,0.6581376707651246
1283,0.6222287608604106
1284,0.5802648227256567
1285,0.5714850727389994
1286,0.6730069486439663
1287,0.6468862756331805
1288,0.5769264755661321
1289,0.6930541728574587
1290,0.5884491554520856
1291,0.5261191631609978
1292,0.534346153655345
1293,0.515529623773768
1294,0.5768571870821015
1295,0.7073987402163943
1296,0.5311502402592613
1297,0.6173281344449459
1298,0.5443753364667775
1299,0.5788654977759136
1300,0.47089486832143057
1301,0.5826717364491953
1302,0.585171555651838
1303,0.648867343439507
1304,0.6216042860332512
1305,0.49873799061286783
1306,0.6964427636316739
1307,0.620975613840691
1308,0.620103019703105
1309,0.60229360340276
1310,0.558431591288831
1311,0.6222359226109623
1312,0.6446891327805265
1313,0.45249111495284783
1314,0.5571819854239735
1315,0.58187648112097
1316,0.626238454736324
1317,0.7074654057957813
1318,0.5375269014358605
1319,0.561337302734444
1320,0.5601891780964904
1321,0.5352880126840807
1322,0.5747123819648635
1323,0.6715659732402425
1324,0.5137545770673773
1325,0.6420716646689861
1326,0.4578495770652932
1327,0.5566397955185772
1328,0.5767835777847298
1329,0.7503186623646361
1330,0.5816612817131499
1331,0.4150089873297934
1332,0.43258240754360205
1333,0.6085719311591945
1334,0.6587960009295007
1335,0.638219222022699
1336,0.6202711960710574
1337,0.7063917510732433
1338,0.5591436029724401
1339,0.6833169371800607
1340,0.46465567200538777
1341,0.5275966288223523
1342,0.44954195077250103
1343,0.5821507245960409
1344,0.6019374449010744
1345,0.6158152660980717
1346,0.6112910106278527
1347,0.5256530647527119
1348,0.5894465026061233
1349,0.47629828025270293
1350,0.7238418790187464
1351,0.5795589323148275
1352,0.5634911780751526
1353,0.7432704403879813
1354,0.4982088528973793
1355,0.5082547425043634
1356,0.5107411113807596
1357,0.5996763437282677
1358,0.6428391363716845
1359,0.6694276089393087
1360,0.827924910523226
1361,0.41058852371363813
1362,0.6578546434176071
1363,0.5568677292920958
1364,0.5542377898635102
1365,0.5512503505698536
1366,0.5261342030718055
1367,0.7504523132884267
1368,0.6774484272229417
1369,0.6064408789525898
1370,0.7212271383620518
1371,0.47327930580923816
1372,0.48887873682764915
1373,0.41541396248257045
1374,0.5432249412110601
1375,0.6175964352751024
1376,0.612348389127474
1377,0.6162102792199505
1378,0.4810044479355219
1379,0.6724560237564253
1380,0.6235116341391845
1381,0.6660332795900848
1382,0.43860452602825667
1383,0.629174811136652
1384,0.4992312035776483
1385,0.567437862908516
1386,0.6478634905827955
1387,0.6092926492361181
1388,0.5275012949409597
1389,0.6015195270214502
1390,0.46821123377892837
1391,0.7000719175762306
1392,0.582527325614372
1393,0.6968575564869975
1394,0.5542473863197036
1395,0.5542571871879218
1396,0.5331838188631007
1397,0.6748890861458964
1398,0.5374084618746581
1399,0.6543251185821471
1400,0.5651745539791395
1401,0.4269969036039011
1402,0.5483683708816186
1403,0.4954017281781716
1404,0.600093631610719
1405,0.4938508060757974
1406,0.6767142411171492
1407,0.5884000823413376
1408,0.5806120014065733
1409,0.6524394042095419
1410,0.678787473124229
1411,0.5933177366817342
1412,0.5280002720669694
1413,0.44089931045670444
1414,0.5347271583048359
1415,0.5403580252341834
1416,0.6027078023392933
1417,0.5632397187798407
1418,0.6523077093112131
1419,0.5393836802639752
1420,0.5871526120955223
1421,0.6942070861536802
1422,0.6209749065587572
1423,0.5858440306544658
1424,0.5385904228720366
1425,0.5355239164700653
1426,0.5163494784881867
1427,0.5427788133408431
1428,0.6546280614550434
1429,0.569658459924193
1430,0.4716762910529044
1431,0.7411339099318525
1432,0.6154255686362667
1433,0.46559513436548416
1434,0.5487336457528289
1435,0.5961834576088094
1436,0.7337186847502278
1437,0.48991218355040944
1438,0.6698874351041326
1439,0.7061397074790869
1440,0.530224824371115
1441,0.560215819481276
1442,0.4941488862726209
1443,0.5658242354765706
1444,0.5798629330790912
1445,0.6397126626394875
1446,0.6765660911122605
1447,0.5170704503127268
1448,0.41114729895433166
1449,0.5791550340834614
1450,0.605985748686678
1451,0.6017551962190155
1452,0.551485719806656
1453,0.590138550234521
1454,0.7100765252844382
1455,0.6115467331713667
1456,0.5457816598924603
1457,0.5343879036712945
1458,0.5625583478301776
1459,0.7184855981190392
1460,0.5605563074019285
1461,0.5742867482408018
1462,0.5338393654800458
1463,0.6702676786656419
1464,0.7443472488116135
1465,0.6133154362128065
1466,0.5810612739608711
1467,0.5766607300157119
1468,0.3667144693414795
1469,0.637123890768244
1470,0.5838282763346282
1471,0.6088674039421834
1472,0.5098075020430908
1473,0.5376887651673959
1474,0.5349716920475609
1475,0.6585387741781791
1476,0.5369304761245239
1477,0.7495311691150262
1478,0.6061666649103813
1479,0.4580652239949195
1480,0.5569281499153013
1481,0.5112441318040414
1482,0.3773249711227009
1483,0.7052437434598987
1484,0.6272661766242796
1485,0.6121535731539599
1486,0.5799185602276667
1487,0.44559867880972265
1488,0.5229467616168961
1489,0.6372498020556455
1490,0.47302799770640447
1491,0.34450245955351305
1492,0.5435587462724785
1493,0.5505531198051048
1494,0.574163281291539
1495,0.6250912358091789
1496,0.6168381251904143
1497,0.5836698810649129
1498,0.6643584656600452
1499,0.4290619240603692
1500,0.6038084613944744
1501,0.6139897498158169
1502,0.45212324904828116
1503,0.4289683224902504
1504,0.49410951662560226
1505,0.5010516638999095
1506,0.6231460709589502
1507,0.504404073051803
1508,0.4831242645035521
1509,0.5039523686977921
1510,0.6533462219382071
1511,0.5573227432654734
1512,0.5403408942838743
1513,0.5459965859364506
1514,0.6670006232195751
1515,0.49001824701989943
1516,0.6683732385117941
1517,0.5724203312912529
1518,0.5400012272230993
1519,0.7700015467182321
1520,0.46189959290669574
1521,0.5223400031849509
1522,0.44598740053553854
1523,0.6347721236814943
1524,0.6982336044281566
1525,0.6962739394989331
1526,0.6573901810685276
1527,0.53408057175086
1528,0.5192943457567928
1529,0.40600084646393214
1530,0.7265442219438062
1531,0.5906746845887947
1532,0.507250513355088
1533,0.6644995869238095
1534,0.46512776351789964
1535,0.5842529545675138
1536,0.5338782216989757
1537,0.6038496487193936
1538,0.5428394075473709
1539,0.4225435379919067
1540,0.5544234672425665
1541,0.6384316184189582
1542,0.5449149712308929
1543,0.6143107777753478
1544,0.45654068255280145
1545,0.5445471730596331
1546,0.49257523187575547
1547,0.6110734796901237
1548,0.5489651521292274
1549,0.6057766316296708
1550,0.640010324257717
1551,0.6055581273558149
1552,0.5691716653509798
1553,0.4589845570317457
1554,0.544972152509968
1555,0.49892503988387565
1556,0.5151353198345542
1557,0.512355011345348
1558,0.4598249756523862
1559,0.3751045679454707
1560,0.4865461297878791
1561,0.5609811578663646
1562,0.427454082668816
1563,0.5453726651247072
1564,0.7083611715836517
1565,0.6323433370760678
1566,0.6859443707752862
1567,0.5774662128981011
1568,0.6445692810398364
1569,0.480795917891012
1570,0.48761061006308604
1571,0.3062514738184894
1572,0.6458877886481506
1573,0.6764785537578717
1574,0.49524742334227756
1575,0.5210928485938637
1576,0.47778464425939565
1577,0.5761012104057448
1578,0.6403049260378153
1579,0.39209862192654665
1580,0.5783309607236412
1581,0.5189344924348384
1582,0.5526776249171661
1583,0.5825776575861857
1584,0.5265642455484839
1585,0.5338884040310928
1586,0.5243502674718168
1587,0.6268440509192514
1588,0.5791278072651127
1589,0.5619987808400876
1590,0.43294489495935357
1591,0.5102040848793724
1592,0.6207762475057749
1593,0.5463073770594828
1594,0.6001685344922736
1595,0.6960200246852795
1596,0.6330816557975922
1597,0.5513215873109467
1598,0.49910311243117694
1599,0.32240626666835426
1600,0.5288983294617357
1601,0.5153367607589243
1602,0.5774181001837663
1603,0.5304048819499625
1604,0.5160910899278653
1605,0.3899233674456818
1606,0.4626721787058838
1607,0.5853764445500576
1608,0.6927358547119965
1609,0.5359137924474263
1610,0.5728436625018088
1611,0.6270283062870066
1612,0.47455152383724897
1613,0.5766059035308098
1614,0.48091493168569444
1615,0.6199835237114915
1616,0.5583881428468883
1617,0.5712635909484335
1618,0.4778608521817801
1619,0.6069339384969815
1620,0.7263224819325576
1621,0.4588456934505768
1622,0.5168378531114461
1623,0.5664576480660828
1624,0.6146472889888217
1625,0.49834571343973966
1626,0.3017772452707788
1627,0.664767189882234
1628,0.6131462189632403
1629,0.3966859828244504
1630,0.4951408787031773
1631,0.6836349304992845
1632,0.6734198554001533
1633,0.6295629312398244
1634,0.5332995674114694
1635,0.5559351194143555
1636,0.5376380999605812
1637,0.6468271266266514
1638,0.47361096152059773
1639,0.4798964438986345
1640,0.6372896434831208
1641,0.5462484295895172
1642,0.6696145024833593
1643,0.4924392523876457
1644,0.5460490991645409
1645,0.4712010480221005
1646,0.5519067234983058
1647,0.42355634058710884
1648,0.5095572875419387
1649,0.42770912015109075
1650,0.6123082068602639
1651,0.6145209656920539
1652,0.40301849774032256
1653,0.6684507742917429
1654,0.7694013399754769
1655,0.5575095244537811
1656,0.49830424351627617
1657,0.7984717232148933
1658,0.4401646556927962
1659,0.556314488250424
1660,0.5703841256576693
1661,0.6715169762172325
1662,0.5865047581670711
1663,0.5124874522778294
1664,0.4735917328624274
1665,0.5265969170525651
1666,0.46930783445685753
1667,0.560859392541093
1668,0.5081655745769775
1669,0.4279674841216337
1670,0.6661600264147015
1671,0.5147406831148674
1672,0.4483365017164182
1673,0.5437956536158459
1674,0.5645478097697244
1675,0.40776178214774045
1676,0.587879628031345
1677,0.46882862472302905
1678,0.7078009542300379
1679,0.6053427858422361
1680,0.5256627966424148
1681,0.4960549501139464
1682,0.5517309541118377
1683,0.6141184307093057
1684,0.5591505438818349
1685,0.5428333195776346
1686,0.5669471589130488
1687,0.5099046207696942
1688,0.5327291801609316
1689,0.3821883340106033
1690,0.6472301405818306
1691,0.5890842202004667
1692,0.49655170095309975
1693,0.728069529838228
1694,0.5715394445910313
1695,0.4745970714113474
1696,0.638667331801462
1697,0.5992263424123644
1698,0.5991793477734902
1699,0.5284372058304513
1700,0.6045192005659882
1701,0.5431268063668349
1702,0.6141376347548531
1703,0.4014109995749833
1704,0.5289615956091471
1705,0.7157875376998372
1706,0.5006018386524829
1707,0.5149622196709089
1708,0.528683862419394
1709,0.4625487854504714
1710,0.3767981052432456
1711,0.548175659518917
1712,0.5801098020428838
1713,0.5640267425239852
1714,0.5562480607991543
1715,0.5727235477094305
1716,0.6577270067266286
1717,0.5529331510358049
1718,0.5199358377815133
1719,0.5454890767007977
1720,0.620152947934409
1721,0.6924083071518944
1722,0.5160380327108636
1723,0.5791474966444632
1724,0.6000509112083984
1725,0.4850487417094153
1726,0.5728913880104033
1727,0.4444544344215817
1728,0.41836822391840706
1729,0.6033691378036822
1730,0.5385698269988749
1731,0.5894539026468956
1732,0.5705525613953601
1733,0.4877506797221049
1734,0.5684788926108331
1735,0.4658211205742305
1736,0.6930504177341851
1737,0.45545700553048196
1738,0.5559899788579619
1739,0.48285728749783713
1740,0.6225425129369088
1741,0.5446095580076418
1742,0.5285165570402339
1743,0.6473470094077227
1744,0.5761579215158753
1745,0.6184195055862396
1746,0.48887466231453064
1747,0.4523127581489841
1748,0.5832495780965099
1749,0.546456417471877
1750,0.62833659296008
1751,0.567277110707311
1752,0.5920042059008777
1753,0.43382496550718286
1754,0.7377991012469589
1755,0.5602054891565257
1756,0.6348342536156614
1757,0.5021460106068639
1758,0.6011932019450054
1759,0.4618159272705306
1760,0.6137138098593113
1761,0.543803388602243
1762,0.5771503255587209
1763,0.6350370714966681
1764,0.46797022143784783
1765,0.5153979799142735
1766,0.6142063582422516
1767,0.7562010014579058
1768,0.5626496836872771
1769,0.6257353409653141
1770,0.5652920847745186
1771,0.7426025190534462
1772,0.42327044953975024
1773,0.5826237033596184
1774,0.4337083722267227
1775,0.35740836354801614
1776,0.6000155897403922
1777,0.5862802664204221
1778,0.5494873733677882
1779,0.5648720258749841
1780,0.8421145028808529
1781,0.5515523403253564
1782,0.6179510283101142
1783,0.5175096869275614
1784,0.5991548635523102
1785,0.5528801199653293
1786,0.5378574075638041
1787,0.730677445165304
1788,0.675018781623396
1789,0.5848483689730498
1790,0.37346882921881064
1791,0.5414980800424719
1792,0.8065212711414886
1793,0.552483993134972
1794,0.6677653674076808
1795,0.696918849703229
1796,0.5909141810576508
1797,0.4989408070281311
1798,0.36086087601108596
1799,0.6306452970834285
1800,0.5007394552572445
1801,0.5863029781709275
1802,0.4627000091584003
1803,0.5477060879522101
1804,0.573371650372421
1805,0.5934863946810487
1806,0.47354606122219717
1807,0.6733863294464998
1808,0.5179201136659413
1809,0.4244330537758678
1810,0.5596734105813209
1811,0.5718421027786338
1812,0.5825187914463977
1813,0.6862518096949772
1814,0.5476517379947494
1815,0.5575020106228556
1816,0.4721173214751922
1817,0.6383317864456944
1818,0.5829956744805512
1819,0.5304163663679206
1820,0.40164875004764616
1821,0.691197662415935
1822,0.45965728350851004
1823,0.5144362257590321
1824,0.5963175738810745
1825,0.4614480436205642
1826,0.4354398388253473
1827,0.38056690793129816
1828,0.6264563774873414
1829,0.5165565491405084
1830,0.816744026208367
1831,0.4770289270367796
1832,0.48300444259495345
1833,0.5134807980885059
1834,0.5831109554649003
1835,0.5210320557155131
1836,0.6143679355571918
1837,0.47633392450633677
1838,0.4411010571100001
1839,0.404685980799443
1840,0.3675113643450937
1841,0.5147426147568045
1842,0.5331599779965959
1843,0.5041883748061704
1844,0.66606457416346
1845,0.6643543278115684
1846,0.5287209046869874
1847,0.4020601541095249
1848,0.507877157831404
1849,0.5046195792233755
1850,0.4992650795986146
1851,0.4953556224858127
1852,0.49878567897965254
1853,0.5214829961207421
1854,0.4995289306022074
1855,0.5721509226231825
1856,0.5848992243457161
1857,0.47449070865542614
1858,0.6628855610502905
1859,0.4676515301024288
1860,0.4120412907145035
1861,0.5845811216482693
1862,0.4804645273191579
1863,0.5785847754479347
1864,0.3423343366914417
1865,0.6704298171730085
1866,0.607675078874012
1867,0.41920715836687705
1868,0.42065144860058273
1869,0.692913908753162
1870,0.48394183382897027
1871,0.47512630050090116
1872,0.35077055213339264
1873,0.5160819108941587
1874,0.5262902729691914
1875,0.6074753872187748
1876,0.4240327922358506
1877,0.41309895918374845
1878,0.5832498126834438
1879,0.6309013082599715
1880,0.4073598410897594
1881,0.6364799677023231
1882,0.5456851085185738
1883,0.6364753592002789
1884,0.5354631835288882
1885,0.3228088215810114
1886,0.5274916625961809
1887,0.6319415230064978
1888,0.4623993071193615
1889,0.5057219882158972
1890,0.5236058232677476
1891,0.28747077381038544
1892,0.6825942892258055
1893,0.45949807372505014
1894,0.5808251298486651
1895,0.5291078582769814
1896,0.645001992045659
1897,0.5708606901663652
1898,0.5149443791848756
1899,0.4575048600495439
1900,0.6034361941450841
1901,0.371815386163349
1902,0.5894025944732542
1903,0.43795275748711876
1904,0.6410029727954255
1905,0.5461498668101799
1906,0.587498643147987
1907,0.538415999072026
1908,0.37923345462949604
1909,0.4559671812962453
1910,0.5882167100219112
1911,0.54402163798206
1912,0.6313780572327956
1913,0.563648809465662
1914,0.444666045792872
1915,0.4590131312257448
1916,0.5363946291276486
1917,0.3268099477825973
1918,0.6714811743253939
1919,0.564476328282275
1920,0.632027586735621
1921,0.388642241772492
1922,0.63273382836252
1923,0.7177434164948194
1924,0.40991458386315544
1925,0.5905883839576869
1926,0.5235322398674586
1927,0.3893870663748881
1928,0.565312786709634
1929,0.5944144229890814
1930,0.46986816558201616
1931,0.6224128026109695
1932,0.37689134851098716
1933,0.391404723478658
1934,0.5322160950366144
1935,0.5222256606679153
1936,0.45765251775682786
1937,0.5893710172039937
1938,0.5648961074915793
1939,0.5928644138424599
1940,0.5075943496413611
1941,0.5700544462396463
1942,0.4789972939999488
1943,0.6949689010257337
1944,0.446574350613637
1945,0.6987605418381437
1946,0.5192572691583934
1947,0.39687658103611495
1948,0.6339944031704557
1949,0.5261799136450996
1950,0.5886322936845182
1951,0.6205835337812253
1952,0.5436143979728146
1953,0.4628160066793276
1954,0.5982168177031124
1955,0.5135532258885394
1956,0.5725588937738486
1957,0.32653515262178284
1958,0.5513303172502921
1959,0.4571119000148023
1960,0.6551903631999908
1961,0.5657706284080444
1962,0.5323474812127559
1963,0.5534228391358164
1964,0.42468103022477594
1965,0.6513241144541392
1966,0.6829422185120518
1967,0.5443740644845819
1968,0.6477774735316513
1969,0.46066052002606134
1970,0.4407116880695066
1971,0.5130217421223091
1972,0.5469100607370201
1973,0.47496719924254743
1974,0.5554021884810063
1975,0.5351821504559657
1976,0.42207996169368484
1977,0.5531865567548521
1978,0.582839305960223
1979,0.5227707585142439
1980,0.6075125026457618
1981,0.4022370105464592
1982,0.5479294486686446
1983,0.40599715377356993
1984,0.4107092555386862
1985,0.4523755686290024
1986,0.42530832253435813
1987,0.4592749643709447
1988,0.48803516376497014
1989,0.57889074482042
1990,0.47852656066462973
1991,0.36898069345565765
1992,0.6047562902725221
1993,0.4335427326035183
1994,0.500803065833524
1995,0.5444326853386978
1996,0.5229718883539537
1997,0.6003033689410229
1998,0.5469834442316028
1999,0.4309137551886356
2000,0.6939189599089893
2001,0.5221334270334969
2002,0.49250283780400883
2003,0.5886174584323774
2004,0.5267337982902296
2005,0.5396491140710222
2006,0.7207358739392719
2007,0.4812107785840764
2008,0.47748857187251337
2009,0.515049898982828
2010,0.597669626365104
2011,0.3745423461700954
2012,0.3348047549703838
2013,0.45408957592796195
2014,0.3634932690001204
2015,0.4681316797455684
2016,0.5483906216086897
2017,0.4278265898746373
2018,0.3814484310508943
2019,0.510949073040161
2020,0.5796189050503396
2021,0.3583149450421093
2022,0.5760190159907397
2023,0.5758033327879136
2024,0.5876823970237315
2025,0.6106099751999288
2026,0.6957775581178816
2027,0.4744488354068573
2028,0.5148074114718213
2029,0.4693487584587494
2030,0.505626705977674
2031,0.638185107457941
2032,0.3892025564251267
2033,0.43116546854894816
2034,0.6249500169506573
2035,0.5941295403702983
2036,0.47451879057403085
2037,0.5799817958280684
2038,0.5356686204731386
2039,0.6360785845280293
2040,0.5127963993086714
2041,0.5952184288511972
2042,0.7352167149443346
2043,0.5584494731623659
2044,0.5110782408581617
2045,0.5694551911512642
2046,0.47544828967366104
2047,0.713850446379777
2048,0.5229083987650976
2049,0.4838414031628496
2050,0.43527941136052617
2051,0.6027002900174012
2052,0.5829388266676501
2053,0.4649976043660879
2054,0.5580787051573349
2055,0.3777926031929643
2056,0.5245111030233452
2057,0.5478458094058598
2058,0.6565816917435423
2059,0.442282874767221
2060,0.39852746542399486
2061,0.43183651135543627
2062,0.39383163581975994
2063,0.6253525151690039
2064,0.6438746165724802
2065,0.5377433414596071
2066,0.6159053994263985
2067,0.5219880351241061
2068,0.502348683007612
2069,0.4819447585765359
2070,0.4840930745356763
2071,0.3771952162426776
2072,0.534205940204939
2073,0.5080395230542213
2074,0.5762298777669146
2075,0.5200147519057502
2076,0.49803783528850476
2077,0.43692250144669076
2078,0.5187614991335661
2079,0.576606766887446
2080,0.413973452144927
2081,0.5206934510023006
2082,0.5334951776919407
2083,0.4513890878237892
2084,0.4628629860899135
2085,0.5339008105562717
2086,0.4160613740828391
2087,0.5446400916934256
2088,0.4370787484946879
2089,0.6067538376882754
2090,0.7173007479421419
2091,0.44069713445893577
2092,0.5616285566725743
2093,0.4527118600623905
2094,0.6059001779883149
2095,0.4065241661142325
2096,0.5578211255671424
2097,0.44088771950406525
2098,0.4987324504211446
2099,0.4276252622420782
2100,0.5882265269139672
2101,0.4448305468438312
2102,0.5652377446562011
2103,0.4878951269625146
2104,0.5079709672736334
2105,0.5308673995957055
2106,0.4523521696826048
2107,0.5366882246837462
2108,0.6511203470989463
2109,0.45154254625453594
2110,0.6204882211688189
2111,0.6489214351702857
2112,0.44883559160184666
2113,0.3937366342744762
2114,0.5459833743521637
2115,0.4726667769233921
2116,0.6819408848341965
2117,0.5234264392517682
2118,0.45117420017996135
2119,0.42150272281750023
2120,0.6152827854060609
2121,0.47170675840923315
2122,0.525106950965857
2123,0.6042045131915313
2124,0.4797499459258786
2125,0.5178526732451638
2126,0.5205599418438868
2127,0.5812939096220321
2128,0.5734430783494723
2129,0.503428381326254
2130,0.5281416331349207
2131,0.49061187380976984
2132,0.39506103534920745
2133,0.5453771265868844
2134,0.6869821642320165
2135,0.4468905002414764
2136,0.45660787816534243
2137,0.44828780077194974
2138,0.5864816046563398
2139,0.5627151624801144
2140,0.5103071463419557
2141,0.44470165980553167
2142,0.5322613957841453
2143,0.388975905874236
2144,0.536904756119402
2145,0.6000230334059723
2146,0.41642181068106154
2147,0.3921756271544775
2148,0.6615864403672032
2149,0.47204784378829534
2150,0.6233860223439088
2151,0.511835645525035
2152,0.5112270606440351
2153,0.5632600144159818
2154,0.4488876791293507
2155,0.5369248868521276
2156,0.49250683334747813
2157,0.41130263041101794
2158,0.5548418954433497
2159,0.5028987079728684
2160,0.512142596183754
2161,0.42104357170618634
2162,0.6635332602206687
2163,0.6017153111199709
2164,0.6093105221983142
2165,0.4994599516221742
2166,0.3762653373892353
2167,0.6949354863214362
2168,0.5206477004134537
2169,0.4611368826713769
2170,0.562009858579518
2171,0.6269386432542617
2172,0.5239286205304553
2173,0.6365587917532943
2174,0.6196132634636957
2175,0.4327110823250652
2176,0.46752210584772597
2177,0.6086653968618794
2178,0.2910032257578532
2179,0.512778800940833
2180,0.40183576637722046
2181,0.4843654903872651
2182,0.4996864365262931
2183,0.4944781006246855
2184,0.47761668013654696
2185,0.4303854650786032
2186,0.7235998428230077
2187,0.6867807224897554
2188,0.42450765879448293
2189,0.6618977861871415
2190,0.4903055175365777
2191,0.5359487501624411
2192,0.5191800198100024
2193,0.46744188554386046
2194,0.6095590809667972
2195,0.5351803816887263
2196,0.4829102665532676
2197,0.4111109593245518
2198,0.44653468371097904
2199,0.3816699956974903
2200,0.524620977203257
2201,0.4198407945234537
2202,0.5002546780916818
2203,0.6416370492792696
2204,0.6266790544829342
2205,0.51991424268854
2206,0.5149840498933268
2207,0.6850163413302457
2208,0.5671979446986609
2209,0.4935588083821947
2210,0.39830928985793823
2211,0.5555929989759597
2212,0.5930592097637923
2213,0.46639972568363447
2214,0.5460364248468668
2215,0.48913666447984744
2216,0.5044352022922725
2217,0.3048162105817012
2218,0.5006743522693688
2219,0.6035042729415876
2220,0.46471056027882884
2221,0.523634372037774
2222,0.45339736144497556
2223,0.5497374047513128
2224,0.49952595592293325
2225,0.43669576929436016
2226,0.6330116701881462
2227,0.5977871470912828
2228,0.46474633526799364
2229,0.5598716178592781
2230,0.5629917958514343
2231,0.5717554370015446
2232,0.3692267179246687
2233,0.6026416852874115
2234,0.4658973523350156
2235,0.4839007949860666
2236,0.7428186440746124
2237,0.5403144380629004
2238,0.48041074848259635
2239,0.32264300983506067
2240,0.6334119005219907
2241,0.3963627993605893
2242,0.4255770301137348
2243,0.4833732063907703
2244,0.6342564634333921
2245,0.5782191975410752
2246,0.49726189682913446
2247,0.5372176393036803
2248,0.45819080855688477
2249,0.5218433093116919
2250,0.5157082289597742
2251,0.5928010864012448
2252,0.5922598304100626
2253,0.5509008643347423
2254,0.47638189359353267
2255,0.5715244486366132
2256,0.4989484632787878
2257,0.41285500429369554
2258,0.47115970795135065
2259,0.5129478019769202
2260,0.5839728760555208
2261,0.488883150750824
2262,0.39968144653464205
2263,0.5087972090070035
2264,0.5132610719823266
2265,0.5190778127820405
2266,0.5821523360732936
2267,0.5902713695659099
2268,0.45021162063416725
2269,0.4478549033652134
2270,0.41069502499611527
2271,0.5607289243212484
2272,0.6251694022628451
2273,0.4720489342056596
2274,0.4779516274541054
2275,0.6253102504211291
2276,0.5416481458619788
2277,0.5351709020474885
2278,0.39387383302812534
2279,0.555194524336501
2280,0.41556268463028395
2281,0.3973457103209468
2282,0.46498805868047927
2283,0.4438132416555804
2284,0.4748401312138696
2285,0.3688196980868511
2286,0.5760088239943619
2287,0.590127557218358
2288,0.3235114554347765
2289,0.5762178215818257
2290,0.42089592138730875
2291,0.5647045070707327
2292,0.4841150320316988
2293,0.4920262543296344
2294,0.4730137812921842
2295,0.5934283181762471
2296,0.3807468075583389
2297,0.5401212947399039
2298,0.5823226589088674
2299,0.5484981175789152
2300,0.6871815575501817
2301,0.4397138660868351
2302,0.5678292982596505
2303,0.47529299494420213
2304,0.5907076796189594
2305,0.4827927667146948
2306,0.44938263137885137
2307,0.5954723980010561
2308,0.43939387770096927
2309,0.3591671410241689
2310,0.43619128013217373
2311,0.5339860284023534
2312,0.6003774583242981
2313,0.4890195657632009
2314,0.5929768643786931
2315,0.3608542888910071
2316,0.43952940003633983
2317,0.4524141986317142
2318,0.46697261661726075
2319,0.48366433705033185
2320,0.5356804248766645
2321,0.43689532846668977
2322,0.4869251139734911
2323,0.47049313615486443
2324,0.3937761174700893
2325,0.46357538493145367
2326,0.4604891934036704
2327,0.4581465000561756
2328,0.4746943062419693
2329,0.4780094213569559
2330,0.43356539414487116
2331,0.5806389339932958
2332,0.36880708269989415
2333,0.40714481456960633
2334,0.7096475422023582
2335,0.3787612684438755
2336,0.35096399302292375
2337,0.5312156291318739
2338,0.2874288230273136
2339,0.4463627771966368
2340,0.6519673625721303
2341,0.3321037479222782
2342,0.2938273731643607
2343,0.3351561644297305
2344,0.5421947725047442
2345,0.561342943402449
2346,0.4191986421321038
2347,0.5222453228921884
2348,0.5829970187147654
2349,0.6169280591389472
2350,0.4404984214778132
2351,0.26221536702039033
2352,0.38992476880679694
2353,0.4236081643754106
2354,0.43771845084822286
2355,0.44345623977829357
2356,0.5561353932452813
2357,0.5691893221619615
2358,0.4436382036884323
2359,0.5531614899375118
2360,0.48865420522064
2361,0.4628929024840771
2362,0.5353774620345643
2363,0.4627930386177288
2364,0.6342482212489735
2365,0.33130316799933807
2366,0.4108313853215114
2367,0.4440994538307368
2368,0.49271734899576136
2369,0.5640599336690593
2370,0.4518627869698983
2371,0.3305422500101138
2372,0.5261926564866811
2373,0.5182748875429826
2374,0.28455083881513593
2375,0.4519424105120283
2376,0.31433060780913097
2377,0.39410207160714894
2378,0.37317371173229574
2379,0.5210269660135716
2380,0.4607939978253549
2381,0.3391221190590662
2382,0.5262436420108774
2383,0.3257026091497778
2384,0.47806664483397837
2385,0.3787676102255169
2386,0.4172879846286239
2387,0.492300631793405
2388,0.493517888596404
2389,0.5638301579225947
2390,0.44074835625985254
2391,0.47413323160016135
2392,0.4094803561772556
2393,0.46286851843950866
2394,0.4849135747502455
2395,0.43813757676936627
2396,0.29031639620160266
2397,0.47487892851587543
2398,0.4775240172258361
2399,0.3868971013635291
2400,0.3343989721052646
2401,0.5730748421875134
2402,0.48768210876495244
2403,0.4251336380849961
2404,0.34637022904111453
2405,0.3734676184701397
2406,0.5571409174058864
2407,0.4561539426102786
2408,0.39642500248622903
2409,0.4880221822430582
2410,0.37327700408269693
2411,0.5734918465353404
2412,0.5605344348806107
2413,0.4029418413447839
2414,0.38877867285775375
2415,0.21647676165898608
2416,0.3147116960547398
2417,0.32689089868036497
2418,0.45439677531353745
2419,0.414355257408166
2420,0.32605638172446993
2421,0.41805331259731915
2422,0.48602526779083327
2423,0.48788437212060054
2424,0.2777196877572324
2425,0.4309427426781122
2426,0.3222529122668755
2427,0.5199395409800376
2428,0.5097009434277395
2429,0.3640645202993191
2430,0.3754337719768147
2431,0.4017621391306615
2432,0.2466770927910784
2433,0.4706758624541112
2434,0.417955076775392
2435,0.5255004531036916
2436,0.34645786418016666
2437,0.38791791755208027
2438,0.31110680726970286
2439,0.35456242769732765
2440,0.33918061472590766
2441,0.527665910581541
2442,0.3810487018179606
2443,0.452234038181956
2444,0.40855013763410347
2445,0.3316591907254209
2446,0.4269797985242435
2447,0.49342052600556424
2448,0.33708351592806596
2449,0.5116645569394073
2450,0.36814700558214103
2451,0.3999306928544494
2452,0.48770525509601903
2453,0.3844177831174509
2454,0.44514283721226705
2455,0.41471933290646523
2456,0.45321540927190274
2457,0.2360560730038067
2458,0.2838199877921815
2459,0.4955495534567457
2460,0.5320843765762306
2461,0.36361517770560314
2462,0.42138146096017
2463,0.4680990979091418
2464,0.5026829249834043
2465,0.2673118107868883
2466,0.3662154561503476
2467,0.4142206298033697
2468,0.5039648462326536
2469,0.6594471805470372
2470,0.42361355358474106
2471,0.32170382451655516
2472,0.47840355907579357
2473,0.5580392045505904
2474,0.45319549917831975
2475,0.3655176935391971
2476,0.5270236243587791
2477,0.5016803669802503
2478,0.3555983852285494
2479,0.4775511932302645
2480,0.5309942461875444
2481,0.5471216297755992
2482,0.4392399996512076
2483,0.41415628286431344
2484,0.551512865098329
2485,0.3407316705399274
2486,0.48357838704668493
2487,0.32722165653723007
2488,0.5381520254768065
2489,0.4237882112283763
2490,0.5560754163466243
2491,0.4889891055633324
2492,0.34077471758036865
2493,0.5700998814516743
2494,0.5812343789449024
2495,0.5235196934737126
2496,0.381435371199745
2497,0.42104293149566185
2498,0.46029419347569617
2499,0.3869920488408446
2500,0.5945367380605007
2501,0.4607542428708675
2502,0.21449811051386575
2503,0.4780080773899782
2504,0.41869850331355735
2505,0.44253446518677875
2506,0.4173084692546611
2507,0.5192443747928918
2508,0.5464930158821752
2509,0.47428153324008365
2510,0.4206138676575377
2511,0.44659448368387883
2512,0.45206171491798697
2513,0.3811154694603597
2514,0.5008549864688405
2515,0.4907603532833287
2516,0.5844542375248339
2517,0.5599757523872251
2518,0.39218931444070293
2519,0.5227127167028841
2520,0.3696181768835709
2521,0.5123356559830796
2522,0.4075917032817518
2523,0.3639378118959915
2524,0.47691889576811297
2525,0.2214111271302381
2526,0.30153009284502286
2527,0.4378911518503319
2528,0.4605740168083453
2529,0.4216644207297476
2530,0.3171239957240244
2531,0.3832139667265885
2532,0.4880351415201297
2533,0.5047094805836746
2534,0.4531373630033838
2535,0.5548350013971162
2536,0.48928922990673873
2537,0.3903871755439503
2538,0.43097236733837296
2539,0.3340130636839197
2540,0.44623183493138485
2541,0.5520023965395898
2542,0.5152319672213754
2543,0.5774228415587913
2544,0.4300402959078109
2545,0.5729070075402344
2546,0.4398418974385545
2547,0.5840804113115824
2548,0.454988239294706
2549,0.518235790150879
2550,0.5848380241310109
2551,0.44058491962452245
2552,0.4763673737870153
2553,0.5691486661891435
2554,0.44623499253208254
2555,0.34356734229361935
2556,0.6434718471693448
2557,0.4174861273941426
2558,0.4720052583740392
2559,0.5584319267152771
2560,0.4058479623551925
2561,0.3714015572116733
2562,0.4806963327918966
2563,0.3036705824993262
2564,0.43403723323940996
2565,0.4802620852792701
2566,0.4357930122229076
2567,0.32567753461330207
2568,0.5973062703995837
2569,0.4683917088505127
2570,0.5833707392189135
2571,0.43709280582474314
2572,0.3835159302748462
2573,0.4830425702442285
2574,0.4411417309472509
2575,0.3579558425021
2576,0.5871410167239393
2577,0.4061476497524281
2578,0.30079292761301424
2579,0.5750443522956931
2580,0.4165039984268236
2581,0.4075851733006428
2582,0.3074435280127591
2583,0.6109201666355576
2584,0.3486889330371017
2585,0.4653646493338169
2586,0.5393050202021463
2587,0.4968355069978051
2588,0.45518641855535696
2589,0.3130886579419184
2590,0.39027964543503746
2591,0.4766034914196588
2592,0.3922186442302948
2593,0.47792811777282396
2594,0.5193104482576923
2595,0.5435852398305772
2596,0.3541448594045833
2597,0.6503307962000338
2598,0.526610836175628
2599,0.46000145585702445
2600,0.5543937954627792
2601,0.6647586935265066
2602,0.3354854323392497
2603,0.4404391338594294
2604,0.2540333288348959
2605,0.476468817712555
2606,0.4913421739336887
2607,0.45624994819721865
2608,0.40290838281583313
2609,0.2820928621659713
2610,0.49169221465257895
2611,0.58522097833004
2612,0.40801073506184576
2613,0.4971311780292621
2614,0.3232209929860504
2615,0.4983782563089742
2616,0.424639778126512
2617,0.3925713954606027
2618,0.39261283423492926
2619,0.4242108993977407
2620,0.4912249400461266
2621,0.34441969043278514
2622,0.42345324367319265
2623,0.4540697939011335
2624,0.3623792093689786
2625,0.612807653447622
2626,0.3832808289679609
2627,0.3990279988284378
2628,0.3721110600796833
2629,0.6122282425365064
2630,0.504237127162203
2631,0.37513152415724915
2632,0.5517150824206433
2633,0.4731370542777435
2634,0.4778151003239924
2635,0.4255189244879718
2636,0.3902486373292709
2637,0.48410462183300285
2638,0.4074649737160611
2639,0.6116230141783714
2640,0.3443050151650795
2641,0.5868439809224528
2642,0.44401331343454414
2643,0.4792710090421749
2644,0.5252264574169278
2645,0.39831142546638304
2646,0.5273747677407201
2647,0.2179866677830058
2648,0.3897109823652113
2649,0.3717629456786967
2650,0.34296066176942824
2651,0.43254289943714586
2652,0.4842286270114913
2653,0.5113498151531307
2654,0.4710769975561093
2655,0.3923071321080923
2656,0.48153527732231016
2657,0.4600338607277398
2658,0.5299600039993495
2659,0.5158592673460425
2660,0.4509248027430756
2661,0.3702989121209917
2662,0.39109905104811543
2663,0.3996805358354608
2664,0.4196264805845109
2665,0.46975389204930507
2666,0.5080911163304351
2667,0.441413064813664
2668,0.4468672473654804
2669,0.4575049538371119
2670,0.40008304655381516
2671,0.36426928685696947
2672,0.29205606754154495
2673,0.38343273428933927
2674,0.4841531239811019
2675,0.3819853326726251
2676,0.4218436815774739
2677,0.4823939788691097
2678,0.4866905782720782
2679,0.34780206436280403
2680,0.5271094365309793
2681,0.5379770539224239
2682,0.3422235839658313
2683,0.3682928787462118
2684,0.5422523139950395
2685,0.4260448469301688
2686,0.24622811055488378
2687,0.3167766388414637
2688,0.41590019313306076
2689,0.3363999569830054
2690,0.40084198532039544
2691,0.43899037644202316
2692,0.5622972143963528
2693,0.4101762149962226
2694,0.5276924252531747
2695,0.5580781175686808
2696,0.5581143044423715
2697,0.4581835815553241
2698,0.26318567592899955
2699,0.4725239382192075
2700,0.5229228129466544
2701,0.42472388079571816
2702,0.5822652814144557
2703,0.5052417263769322
2704,0.479552695426982
2705,0.5239326500394678
2706,0.4583063100551153
2707,0.2132626284157716
2708,0.38533753270777316
2709,0.5316769555806732
2710,0.35771781697607025
2711,0.40780456973820045
2712,0.3362573175886036
2713,0.5805983328415448
2714,0.5712678152083723
2715,0.34878981108230195
2716,0.43756213414927836
2717,0.36545609387368644
2718,0.47709842415086307
2719,0.4675211705157437
2720,0.4931909872791851
2721,0.45120140869077163
2722,0.6760446527273369
2723,0.3325824902343533
2724,0.27303457701291045
2725,0.38658762725270424
2726,0.28444279055722455
2727,0.29051259280150254
2728,0.33255163989820974
2729,0.3389340877749356
2730,0.33566302239892115
2731,0.46266146003735503
2732,0.3735441474099816
2733,0.40135312280852437
2734,0.4938162622131131
2735,0.34964844593019057
2736,0.39261429634271705
2737,0.44670454137122323
2738,0.24656738757916952
2739,0.20774502997837527
2740,0.4436396245018119
2741,0.45581377652280997
2742,0.5914251477168462
2743,0.42601646072007265
2744,0.4828294767202691
2745,0.3945257373684568
2746,0.43672163000018777
2747,0.5548453604894072
2748,0.22630370364524285
2749,0.4454762473650335
2750,0.5940639808867845
2751,0.43322106421814216
2752,0.5512266948390122
2753,0.3535014844616741
2754,0.4047557284326208
2755,0.4100074379215142
2756,0.214770947248546
2757,0.3051715154410959
2758,0.31092719135999897
2759,0.47658400280667407
2760,0.48050932249224954
2761,0.43266784619594006
2762,0.47554124559086336
2763,0.38961564210200034
2764,0.507441900116706
2765,0.40379097681406395
2766,0.4076474247126275
2767,0.3792675164011548
2768,0.4611022203971128
2769,0.3650366492911861
2770,0.4856134054202175
2771,0.30275925220591654
2772,0.3052655470451366
2773,0.45949318901504005
2774,0.3919768059821074
2775,0.36000043061211573
2776,0.47595384010103076
2777,0.3460221272644241
2778,0.3809031770573407
2779,0.5189782510550139
2780,0.53074807113557
2781,0.5332915755373129
2782,0.372467014803201
2783,0.5030641129784997
2784,0.31411050333523055
2785,0.3174320686265004
2786,0.19219095623183813
2787,0.5400687275259761
2788,0.3202205503302331
2789,0.3837409408115743
2790,0.31561481179811246
2791,0.45426645724697623
2792,0.36131137598353585
2793,0.28061666918361544
2794,0.4314838697122381
2795,0.26891177000664257
2796,0.32025177554380463
2797,0.2101258736130571
2798,0.2689706713232622
2799,0.4074005964890325
2800,0.22168784235539535
2801,0.263278752839974
2802,0.3910173840952294
2803,0.3439449100768516
2804,0.5631569547951845
2805,0.5492486480266985
2806,0.3152103770476783
2807,0.43832559288692274
2808,0.4547470112213143
2809,0.3379935637661116
2810,0.2600765903515938
2811,0.38824778756303024
2812,0.3741673131866706
2813,0.35123264284137207
2814,0.4270476736386279
2815,0.3236284403474201
2816,0.28873659908234245
2817,0.3977130252246293
2818,0.4215207082551136
2819,0.2861395292713774
2820,0.468143544878705
2821,0.23446509523520345
2822,0.33752168205592065
2823,0.36509627236625736
2824,0.33224221706007234
2825,0.33828364446863857
2826,0.5489998317767926
2827,0.3133296745830285
2828,0.5981340548445683
2829,0.42460001562967686
2830,0.39464655013282873
2831,0.4278098090195859
2832,0.605460498319473
2833,0.3004538134372345
2834,0.28940934002445695
2835,0.3209814807401717
2836,0.3890327536292279
2837,0.23684658637265277
2838,0.38808412693953753
2839,0.5326716885331241
2840,0.39917502282027084
2841,0.3607108175205643
2842,0.33251731052878963
2843,0.4637521550831934
2844,0.31450817807379955
2845,0.5457576512987989
2846,0.5532783326688449
2847,0.40818107725587827
2848,0.384969800752601
2849,0.47517182074690795
2850,0.4807377392079703
2851,0.3162598610384971
2852,0.34046822586061726
2853,0.2716291585043816
2854,0.42150443353387673
2855,0.44383479988890295
2856,0.2693635170015291
2857,0.3468451515954242
2858,0.26969999244714205
2859,0.30857000887164904
2860,0.43410476170691265
2861,0.32301110614279865
2862,0.3605282248153774
2863,0.2458103765684472
2864,0.4029072247883133
2865,0.3829813563682836
2866,0.3238199737835256
2867,0.37064512040837333
2868,0.4027075868086664
2869,0.31669033680077874
2870,0.25956248253255687
2871,0.5436940989831591
2872,0.3327505723960683
2873,0.3793048747864977
2874,0.4752864079387295
2875,0.6933495859298966
2876,0.28037362598205673
2877,0.42714284094058996
2878,0.32712482218033434
2879,0.3418776783915992
2880,0.3263288229251013
2881,0.2913965525355584
2882,0.38539889371512953
2883,0.2615289842201373
2884,0.4712407374363338
2885,0.3942325056327077
2886,0.4262046738222127
2887,0.3494787585731956
2888,0.3582258571260864
2889,0.41507490032292804
2890,0.28963669787634305
2891,0.35958541395191584
2892,0.31636777444516634
2893,0.3138857709955865
2894,0.2085677268389192
2895,0.5072682911124399
2896,0.3321517064487852
2897,0.4924557255516448
2898,0.4844817267311971
2899,0.28090748867882154
2900,0.2982239981640918
2901,0.614227702849325
2902,0.5443871617300347
2903,0.3903551543687116
2904,0.41558306786275445
2905,0.3389437154013523
2906,0.4311862447386887
2907,0.3319365133549382
2908,0.21835427069267765
2909,0.2801055025634974
2910,0.39654026524544433
2911,0.2970711575114626
2912,0.3893765435557182
2913,0.30244014467810615
2914,0.3279831985108954
2915,0.4697720602858401
2916,0.41760411888910104
2917,0.3956009021547746
2918,0.47275652096579157
2919,0.4385352323640672
2920,0.5223852298603532
2921,0.3576550447843574
2922,0.3605271586861205
2923,0.28536540783520387
2924,0.361099386903698
2925,0.4819763587738315
2926,0.511246455622384
2927,0.48211000512915203
2928,0.2439911935962698
2929,0.4932630292618292
2930,0.24067811754862356
2931,0.4777740879956826
2932,0.36848266364784327
2933,0.4613725115870619
2934,0.2855236034456601
2935,0.5024540013539532
2936,0.2745793492456074
2937,0.3437739831683503
2938,0.3155082749718449
2939,0.2503277116458581
2940,0.41058888558216866
2941,0.5589716170506868
2942,0.6337285810530705
2943,0.41159691119875597
2944,0.5000875576518918
2945,0.4237917452987365
2946,0.44713737803182657
2947,0.3746090752341642
2948,0.42135690528390835
2949,0.4512431979279241
2950,0.35492064025600106
2951,0.3985269266087777
2952,0.40042719106518365
2953,0.4772514579188963
2954,0.3137238447681205
2955,0.40176582228670416
2956,0.5719395279955246
2957,0.5074535114290973
2958,0.5237149660378214
2959,0.4093077451104514
2960,0.4352102698063669
2961,0.49440116548613255
2962,0.5429263610306742
2963,0.23923406279337645
2964,0.2945175096651166
2965,0.5219068174711908
2966,0.3848464830366865
2967,0.3508987042359341
2968,0.30071240781866665
2969,0.36143444671227176
2970,0.28831693955625093
2971,0.5908596571146203
2972,0.4081591664328063
2973,0.40529150684983606
2974,0.46140295065594866
2975,0.4939929086962054
2976,0.49276569420191935
2977,0.50401397104052
2978,0.3566967551632723
2979,0.3857010181342269
2980,0.4782169078069845
2981,0.36620311861207583
2982,0.4115801642134907
2983,0.4467061659826577
2984,0.48031860239864865
2985,0.2586902703364403
2986,0.47455347173533474
2987,0.39263097181897005
2988,0.474238979654292
2989,0.48040389071335643
2990,0.552467532003314
2991,0.5305907456858309
2992,0.5301360613069821
2993,0.5386761030098691
2994,0.43908742174286436
2995,0.4167851148617588
2996,0.48965982938356284
2997,0.4776008278747893
2998,0.3876142520761457
2999,0.4495078271059734
3000,0.4115441308722353
3001,0.3407839067379924
3002,0.5264631669728926
3003,0.41965590194871544
3004,0.5922684410503674
3005,0.2743815760444301
3006,0.3669514465343686
3007,0.4180375302762127
3008,0.5137162421996515
3009,0.44992336297731306
3010,0.4422842301842449
3011,0.3179177515444088
3012,0.3154027820004719
3013,0.443485634831
3014,0.2975668252288071
3015,0.3696285570849172
3016,0.45904290508065804
3017,0.33070954455657686
3018,0.5546770101569818
3019,0.5216877273879903
3020,0.2797866013611339
3021,0.33510080468977116
3022,0.21797901648563722
3023,0.34806740873546066
3024,0.4821138921600806
3025,0.37995945120364033
3026,0.4556416666986198
3027,0.2839970470121064
3028,0.4847757592276072
3029,0.36764652696890576
3030,0.4167042924734008
3031,0.40757277456418356
3032,0.3055220773729311
3033,0.31572320018826044
3034,0.4992121671302916
3035,0.44992562912533357
3036,0.5062030169718846
3037,0.4433547399249726
3038,0.42755622500064977
3039,0.2657273513890132
3040,0.3916147881334036
3041,0.41255094294691913
3042,0.5838494887510041
3043,0.4741720186871965
3044,0.547547841988079
3045,0.4662136559742532
3046,0.35282635897387027
3047,0.4243974515685259
3048,0.434576801850821
3049,0.3327243158917813
3050,0.3805971922636404
3051,0.39591244574707324
3052,0.5525255472605937
3053,0.23334760834790444
3054,0.5176150558995515
3055,0.3320260805080858
3056,0.2941878787809786
3057,0.5148721160091208
3058,0.47591978825538506
3059,0.5209658373819684
3060,0.48150418073356677
3061,0.5902806537231156
3062,0.4601735324262481
3063,0.39807671205709677
3064,0.44108947941130133
3065,0.5188128929074312
3066,0.34353583929999976
3067,0.35434808427236
3068,0.38380046625273856
3069,0.22817374345697172
3070,0.4220236302983696
3071,0.24660567800309002
3072,0.41418337653331766
3073,0.48422746431585095
3074,0.3678213478131208
3075,0.5539754114345627
3076,0.2821787153351165
3077,0.5114021088597551
3078,0.4664661393084476
3079,0.259255681435161
3080,0.642084233209941
3081,0.4016879670687671
3082,0.33097926394866434
3083,0.2848562059077397
3084,0.3872934381196838
3085,0.3950101694539838
3086,0.4146174749316909
3087,0.3796567470311311
3088,0.45991973958906596
3089,0.3712597186954974
3090,0.23703348473569383
3091,0.3912426730228873
3092,0.19895848851369813
3093,0.4341332886724642
3094,0.3184357726634869
3095,0.41698963159452584
3096,0.5162371881002625
3097,0.3200670595921858
3098,0.49367286741368777
3099,0.36397605550149936
3100,0.552857190988639
3101,0.3691779125498209
3102,0.3276848004754091
3103,0.4595386430590365
3104,0.3619876291600543
3105,0.3265163554590624
3106,0.35761650837604797
3107,0.39473940844939204
3108,0.5143821649903042
3109,0.23047237018635297
3110,0.3994721928622558
3111,0.4511753564771263
3112,0.41345429653636284
3113,0.5096869265935465
3114,0.38950814469872896
3115,0.3795821759944975
3116,0.44642449609121604
3117,0.40336548413225687
3118,0.3605896113430976
3119,0.43864841036525576
3120,0.3371113654081432
3121,0.34029053001683723
3122,0.3470883510974012
3123,0.5094768125436241
3124,0.11322238094148493
3125,0.425806218506986
3126,0.394129714158871
3127,0.24529013616662126
3128,0.4171515443695203
3129,0.4311097976438509
3130,0.4405549582249041
3131,0.1596201371753858
3132,0.5069521338252617
3133,0.3244435367361137
3134,0.44729171227133574
3135,0.45159420818994284
3136,0.31117400878961565
3137,0.44378714550323745
3138,0.35285240363409054
3139,0.20653649794817325
3140,0.48644000127050735
3141,0.3178908769890002
3142,0.3105987362478727
3143,0.34924970556365653
3144,0.4072753736940155
3145,0.3783429851782655
3146,0.4303141696538532
3147,0.26654569651313315
3148,0.317805023286041
3149,0.37159934004984624
3150,0.5454708256026328
3151,0.37096085542319923
3152,0.474315004610374
3153,0.38332242374907555
3154,0.3377179570506836
3155,0.35781263184364764
3156,0.3641802225395228
3157,0.4305883602935274
3158,0.49690248971278167
3159,0.40866286964591586
3160,0.47986326423123404
3161,0.2932335803532185
3162,0.3404441642202132
3163,0.3132447861961398
3164,0.4027419246183158
3165,0.3440678708917357
3166,0.43789421557616776
3167,0.2937746624265057
3168,0.37767852118756096
3169,0.4330077036735283
3170,0.19444338821734727
3171,0.5564043377107903
3172,0.34790709707196593
3173,0.19678039985112547
3174,0.38533527954136454
3175,0.37417230550237324
3176,0.36381773746265733
3177,0.45631424510379287
3178,0.43485212132462003
3179,0.39558037201194
3180,0.40839651398806665
3181,0.36004813905645827
3182,0.5223773103537382
3183,0.24035639288792954
3184,0.3801038987345475
3185,0.37329777700538236
3186,0.43770870286247615
3187,0.2939555486108217
3188,0.21574524157373498
3189,0.3798830405664265
3190,0.39031798406869433
3191,0.49456453894709446
3192,0.255387328266381
3193,0.4649354129539121
3194,0.5695691749952517
3195,0.33168201693332267
3196,0.2523436671125625
3197,0.32853760724506337
3198,0.36466740039978246
3199,0.41194796893146374
3200,0.31168132061277215
3201,0.49716091385736355
3202,0.26583019521276163
3203,0.2114869390800618
3204,0.4574994433476739
3205,0.1645976865469328
3206,0.34351175891675817
3207,0.6307217701832594
3208,0.35960727348324484
3209,0.26339852916030876
3210,0.35517152934254664
3211,0.3554936399782576
3212,0.37354867210523485
3213,0.41671941124905754
3214,0.26924375210979584
3215,0.504983507543085
3216,0.37992620925837495
3217,0.4213901658816953
3218,0.3039137343788352
3219,0.4693888924022315
3220,0.33560947147779197
3221,0.3816724894935052
3222,0.27670169164068364
3223,0.2709849233625016
3224,0.4166316968381353
3225,0.3184989236545942
3226,0.2828193823999867
3227,0.30087486604015196
3228,0.4168572608177748
3229,0.3017664452628295
3230,0.34586368940595197
3231,0.3571924441298675
3232,0.189811841735706
3233,0.2282849835462468
3234,0.384562557500005
3235,0.29154264607432423
3236,0.44664903467425293
3237,0.43874375153747147
3238,0.41719409633993493
3239,0.5123290573292442
3240,0.3475433234644242
3241,0.4107863623703011
3242,0.3039574957381498
3243,0.5666727440731502
3244,0.5260195222258026
3245,0.35529733747090625
3246,0.3876475376975873
3247,0.4717554670132947
3248,0.34131806133859527
3249,0.2971640496469248
3250,0.4295693560002048
3251,0.3606688715777829
3252,0.36967044966326584
3253,0.28159250421850485
3254,0.20510460275276932
3255,0.37416008232510717
3256,0.4320146130040812
3257,0.33413423350742233
3258,0.47797115274844815
3259,0.29273005708448746
3260,0.26236589235541957
3261,0.34782263310370054
3262,0.34649690090214746
3263,0.4202879871100943
3264,0.2866002055721163
3265,0.4720832690501826
3266,0.5239301212879838
3267,0.3503500216559825
3268,0.46192335978366694
3269,0.26237769407105815
3270,0.4469038430647445
3271,0.4445331641329307
3272,0.42867586893427617
3273,0.35266266252912715
3274,0.09840485844806443
3275,0.2986017328845772
3276,0.30004131168985687
3277,0.26962505323868413
3278,0.36494477040864215
3279,0.31819264043056283
3280,0.283176457127388
3281,0.2630032601612304
3282,0.29281034962345776
3283,0.4518917692578624
3284,0.29773560551658995
3285,0.31048955655224186
3286,0.3156454569693297
3287,0.3846259675442408
3288,0.3948975082457565
3289,0.09205019461322539
3290,0.44408737744059085
3291,0.48011537428771417
3292,0.2650641355685755
3293,0.2719488352496402
3294,0.3172756075392201
3295,0.2909671274847388
3296,0.3759278688844478
3297,0.1882518813039724
3298,0.26012332729348386
3299,0.49024277666917687
3300,0.27687767266850655
3301,0.46499006176751484
3302,0.38831001934689424
3303,0.2011611275221612
3304,0.4129051859909266
3305,0.347926382120444
3306,0.3188827378677358
3307,0.37969220807193305
3308,0.3997653065785945
3309,0.4201254487919912
3310,0.461059811341049
3311,0.39461765901267953
3312,0.24045476948876732
3313,0.3187255618279994
3314,0.6146266607017111
3315,0.42284449386729417
3316,0.5654072244778705
3317,0.4813492883802352
3318,0.381735360509947
3319,0.38711974422945344
3320,0.35809799783874824
3321,0.21110117140514395
3322,0.36328879699389127
3323,0.4667359164194053
3324,0.3103044472139161
3325,0.3980884285229774
3326,0.43637614300483596
3327,0.2841945312580493
3328,0.3241074980897307
3329,0.2753177474392996
3330,0.2925052434995553
3331,0.25247390799404856
3332,0.28622939181287443
3333,0.4872500311276443
3334,0.2854330460642685
3335,0.37585823859943
3336,0.32164999488662405
3337,0.467446768512777
3338,0.4791530086603787
3339,0.4407186749791068
3340,0.3926925596677185
3341,0.34646216696331655
3342,0.26357140732621664
3343,0.535176177972287
3344,0.301496849618988
3345,0.4249353353548475
3346,0.45946089494742554
3347,0.31997106351134114
3348,0.45812018215592565
3349,0.43468749692529
3350,0.5183548811374773
3351,0.3284576760391516
3352,0.25805690107052753
3353,0.3258541224762121
3354,0.38793660006561387
3355,0.3751612524647691
3356,0.3363354651034378
3357,0.20541903514358514
3358,0.41162116623046896
3359,0.541854404390914
3360,0.41159938098527243
3361,0.42439549683115063
3362,0.4214768750412065
3363,0.4065531534459515
3364,0.4530747303243876
3365,0.4069163277064792
3366,0.3458923683576365
3367,0.30431647708721016
3368,0.3519057635106238
3369,0.40088587221574634
3370,0.3465925300239206
3371,0.40139537534123926
3372,0.41244002049178774
3373,0.446781558273975
3374,0.48593180779602385
3375,0.38190479983682013
3376,0.2622120182017526
3377,0.3457572991674464
3378,0.37966811456059857
3379,0.21721310869455696
3380,0.49648909465789576
3381,0.38885770125806723
3382,0.4097613962979868
3383,0.4951535929578687
3384,0.3226616717426498
3385,0.4270888939219652
3386,0.3681142697830737
3387,0.36190009739801743
3388,0.3112106536386978
3389,0.5223858468207185
3390,0.3459452166853989
3391,0.4391722732619762
3392,0.21656675603584005
3393,0.48114345753526905
3394,0.4702733738219199
3395,0.38782980040787984
3396,0.3599389966990183
3397,0.4143738363578644
3398,0.5780080705582323
3399,0.22750850652864577
3400,0.4479481439325956
3401,0.30154049288776597
3402,0.37886993885979664
3403,0.35929795204208653
3404,0.34383493132690857
3405,0.38014535763829266
3406,0.2830422435989491
3407,0.4704036817476415
3408,0.22620421340251304
3409,0.4283178214047482
3410,0.353474857421016
3411,0.2805239528767332
3412,0.3994927670858115
3413,0.24735212913160068
3414,0.38564204992428036
3415,0.2591734893756204
3416,0.4223340472342202
3417,0.30251697185565374
3418,0.34357632791033116
3419,0.40813420869422234
3420,0.31592229057333904
3421,0.37784305588383577
3422,0.2519245238813897
3423,0.43760202360360345
3424,0.5358095448343939
3425,0.6247745070883837
3426,0.39107700701101566
3427,0.45145099495349866
3428,0.22918552881256854
3429,0.5133753385482611
3430,0.45053838189746986
3431,0.34151276509491113
3432,0.49048772930490164
3433,0.3614180083876386
3434,0.34381863296657317
3435,0.42460455187296875
3436,0.29144923516085347
3437,0.47188830087515793
3438,0.292083000725725
3439,0.2925870539164256
3440,0.30471973163713933
3441,0.44915473236365083
3442,0.33002383224040927
3443,0.266712010784113
3444,0.3309176743588053
3445,0.3805202943625781
3446,0.28104314599221397
3447,0.2835263162830786
3448,0.5658538083246473
3449,0.30860050750311113
3450,0.35505102687560386
3451,0.35115317472740465
3452,0.3463910100739469
3453,0.4365447580825078
3454,0.4647370765866012
3455,0.3561103228885256
3456,0.27548088724717706
3457,0.49267537206523093
3458,0.3740209532042155
3459,0.5319012860558364
3460,0.18769672208119048
3461,0.3988178659029054
3462,0.5478150063335848
3463,0.3510651310841143
3464,0.3619796478681218
3465,0.4069201116748683
3466,0.33283293698927036
3467,0.3540258974593658
3468,0.35163370396218785
3469,0.32640102675881294
3470,0.48687206527174176
3471,0.42024680169710205
3472,0.4018486296389652
3473,0.4499434553598676
3474,0.35689435153869814
3475,0.31257002529746714
3476,0.327212626385426
3477,0.37930786524779586
3478,0.2872707529168565
3479,0.3354218581758018
3480,0.33382300204555276
3481,0.5621203865428
3482,0.13796880921260501
3483,0.3622339173390088
3484,0.5268768668559853
3485,0.3878249211038065
3486,0.44222599879517627
3487,0.38540153888400264
3488,0.3187438040438669
3489,0.18220529000803262
3490,0.3937299767781268
3491,0.3085464220180516
3492,0.3061212016585625
3493,0.3319106946254671
3494,0.5258034682149507
3495,0.5826201913910257
3496,0.39299490815189425
3497,0.3336675016326514
3498,0.2716975218054506
3499,0.41380873637079557
3500,0.5272355017402207
3501,0.3512086233257456
3502,0.16640131367866332
3503,0.42993807105310783
3504,0.45689120337592054
3505,0.23402851450616458
3506,0.3861980520822804
3507,0.40962477076206394
3508,0.36389400207510797
3509,0.3014281711334056
3510,0.4574227028306945
3511,0.3342268118738752
3512,0.24023605607948686
3513,0.19102870580340747
3514,0.477134466356121
3515,0.42100553776377125
3516,0.3748683206047763
3517,0.3287659705291281
3518,0.32069759725392155
3519,0.2729884555319452
3520,0.328349281177834
3521,0.18181203379311178
3522,0.3011854140387982
3523,0.33757086879928955
3524,0.4168514910036213
3525,0.3602042725831912
3526,0.432039333884186
3527,0.47958469873820675
3528,0.45398406555300524
3529,0.4027042117260021
3530,0.3625868550489278
3531,0.2762532834511289
3532,0.42473886700815694
3533,0.5056389755021765
3534,0.38944219855612444
3535,0.5253222782210858
3536,0.22693386723014633
3537,0.2586352867558769
3538,0.43208676193139073
3539,0.38050323013249177
3540,0.470881643256247
3541,0.35539688184336204
3542,0.2811693374746946
3543,0.33734910767885895
3544,0.22273905305483685
3545,0.2572553308270073
3546,0.43862692520276597
3547,0.4295449925429346
3548,0.38496865884560055
3549,0.20414821721843057
3550,0.32161583285226386
3551,0.2461569443417991
3552,0.4535275907105178
3553,0.3007278929327605
3554,0.2568171515217137
3555,0.3528934153032882
3556,0.29444880434138837
3557,0.4777889370230847
3558,0.2853240351095972
3559,0.2273569175682787
3560,0.16166407880811176
3561,0.3448495622787323
3562,0.29841555861797464
3563,0.22291801446202994
3564,0.449028486486691
3565,0.40338744685006644
3566,0.34273312262719885
3567,0.4627793591048077
3568,0.40157804078068116
3569,0.27256266589684813
3570,0.2533719637122922
3571,0.41363236450514557
3572,0.3766800828271445
3573,0.35660380566394356
3574,0.2681924724833803
3575,0.39360053922330057
3576,0.27514355724261014
3577,0.3312392308467003
3578,0.46482731301310565
3579,0.2819576427730333
3580,0.20256085473917856
3581,0.24714520394810113
3582,0.4238289989327628
3583,0.35937245141860824
3584,0.3257228668286755
3585,0.2923684584997357
3586,0.37798244358674477
3587,0.26204893223579884
3588,0.36154064618079657
3589,0.27136098603145997
3590,0.25651944193935805
3591,0.2785967548745671
3592,0.3008413144932543
3593,0.3286698185074521
3594,0.35284055071370896
3595,0.01283564419470489
3596,0.2617112691360117
3597,0.2972949926993988
3598,0.4610111301691133
3599,0.23687487781843994
3600,0.3440122829908766
3601,0.45889225604431194
3602,0.2154710237161768
3603,0.362784809005155
3604,0.258853579347619
3605,0.2842091422228559
3606,0.2579787521782976
3607,0.263748696879957
3608,0.5622515009923019
3609,0.39938260002490283
3610,0.4212615033175778
3611,0.3681095567263476
3612,0.18614273610666926
3613,0.3589552742053917
3614,0.4172552224103391
3615,0.250177348227899
3616,0.40720766443782225
3617,0.3842588252509945
3618,0.48322493557985224
3619,0.28643521691965546
3620,0.227250683099541
3621,0.290597131011855
3622,0.4457872827019085
3623,0.1629771245126174
3624,0.14187460558598966
3625,0.32828144200185727
3626,0.28191556975531307
3627,0.32056421493646486
3628,0.4013860963796892
3629,0.2714422127824769
3630,0.15685902823402503
3631,0.4955805733035014
3632,0.2320436419334628
3633,0.22639770454822325
3634,0.41327459379157283
3635,0.2841940391152955
3636,0.3116991620818818
3637,0.35868776454154777
3638,0.4104072634526209
3639,0.28750374353758157
3640,0.4476367076217797
3641,0.13100022741554318
3642,0.38133441541644697
3643,0.24267553463759703
3644,0.4338428026956911
3645,0.32713506215942845
3646,0.2563710278381879
3647,0.37173737060171863
3648,0.39144510624669093
3649,0.36947549329732754
3650,0.22459550061343694
3651,0.27160734747880527
3652,0.31293529426264116
3653,0.30951462136297453
3654,0.37777228985536454
3655,0.13832170876489422
3656,0.34144107511637195
3657,0.28722962434349714
3658,0.23958212166765203
3659,0.24771881520833613
3660,0.2932410722593257
3661,0.0
3662,0.2507966506072277
3663,0.23554047288967625
3664,0.35729599187819083
3665,0.24133365202639237
3666,0.29229188288266894
3667,0.44424772947349905
3668,0.39670200553256846
3669,0.3886110606044597
3670,0.2671496219970268
3671,0.357292606488639
3672,0.28994847849475897
3673,0.2931181390740449
3674,0.34544641534355386
3675,0.2582344010442374
3676,0.4390198797537138
3677,0.2958723922644089
3678,0.36316747182038306
3679,0.4355517803597002
3680,0.39879541768348137
3681,0.18752111819728193
3682,0.34789663728758285
3683,0.3829649652387216
3684,0.3864780363468232
3685,0.21290493360361146
3686,0.2523526438648044
3687,0.3952517401388288
3688,0.24322809049728453
3689,0.2831924871633415
3690,0.44548938032269825
3691,0.3049591483584142
3692,0.24618982907600861
3693,0.2331307217386705
3694,0.3378754555600115
3695,0.19371232206159306
3696,0.2876895698568536
3697,0.3379463705039416
3698,0.4215568492895678
3699,0.36691910636312436
3700,0.24737827709313365
3701,0.4111887693852725
3702,0.28332080904000345
3703,0.20234095037387348
3704,0.2944363250170489
3705,0.43383533865040724
3706,0.3237258393953835
3707,0.3105657544623034
3708,0.45123018129469905
3709,0.18573485463487757
3710,0.19841737979542431
3711,0.16990957860000697
3712,0.34207423106835894
3713,0.3243133440354511
3714,0.4435001535710683
3715,0.33114718503645063
3716,0.27519117828662
3717,0.3104180882567128
3718,0.3205479750807223
3719,0.16578587956258653
3720,0.5451265277137987
3721,0.3556686596176839
3722,0.3289648451933615
3723,0.36414344379689956
3724,0.3724186174050217
3725,0.2989830177023229
3726,0.2566430660435841
3727,0.36327778870041877
3728,0.34491149873573795
3729,0.24157591614696886
3730,0.43460858262453433
3731,0.33732945768945116
3732,0.3752447332272521
3733,0.4326895169424154
3734,0.31427200481341017
3735,0.3399577063771454
3736,0.38278224111381
3737,0.2501051630488208
3738,0.31767139480711565
3739,0.3240187180014135
3740,0.23057631233101322
3741,0.5140526227653857
3742,0.1918559467286916
3743,0.20147365276467885
3744,0.4277201007676493
3745,0.37588378774664327
3746,0.22554102624960223
3747,0.36706155533858154
3748,0.4417133712890588
3749,0.31224230208582415
3750,0.5399488107985576
3751,0.16601929092290002
3752,0.3754508183134363
3753,0.4165438093285094
3754,0.3929141515314974
3755,0.2982765811912835
3756,0.29101405110182865
3757,0.354775113493992
3758,0.38712427703387353
3759,0.3688566684239092
3760,0.4069169948928753
3761,0.2289248121510834
3762,0.29758022850075994
3763,0.23613375843699894
3764,0.284262702885706
3765,0.40573032673525533
3766,0.3274099036166794
3767,0.5438614351373926
3768,0.33519039414346113
3769,0.32381250341159035
3770,0.32802992092622496
3771,0.2638372737726593
3772,0.3142228982992457
3773,0.4170226354602926
3774,0.3294779168310344
3775,0.25113971303578647
3776,0.23994076609381357
3777,0.2812296211029267
3778,0.32677417933141034
3779,0.4238674182048374
3780,0.2047528384933931
3781,0.2932714646521415
3782,0.3336262483802707
3783,0.16263126798834404
3784,0.24936791300856012
3785,0.262854413064346
3786,0.2529913427479425
3787,0.3386642555118137
3788,0.30834272319428296
3789,0.27436093240856535
3790,0.3596303047119925
3791,0.4718873142099912
3792,0.46480722406325087
3793,0.1567140904209863
3794,0.3732256380107178
3795,0.30804628558684094
3796,0.3370463434263168
3797,0.2893147143318634
3798,0.33412116413625614
3799,0.33720757189693323
3800,0.274158203772212
3801,0.24684341899200862
3802,0.2857384192932479
3803,0.3449927888238478
3804,0.37670538035713746
3805,0.3988624465421896
3806,0.2823859057599098
3807,0.3498579841744677
3808,0.4087269811190738
3809,0.42643666962419746
3810,0.320602954008815
3811,0.30670227443674963
3812,0.34248700935226767
3813,0.22657018624842643
3814,0.30943103164796526
3815,0.39073931924990585
3816,0.38196831064879744
3817,0.30313162394448184
3818,0.3454676332262386
3819,0.255360201483497
3820,0.387706359349632
3821,0.32018394084960977
3822,0.30312770759109037
3823,0.29579138646801606
3824,0.32173552568123476
3825,0.2884972063563788
3826,0.38428949132313234
3827,0.2931949385510543
3828,0.46532894928161733
3829,0.454335927456677
3830,0.2504366503525342
3831,0.33367972574343135
3832,0.27138882676721265
3833,0.29947554481191574
3834,0.5010803889691409
3835,0.3012061657457807
3836,0.35903201120548883
3837,0.37473325318462364
3838,0.24131419232503756
3839,0.2539289148553971
3840,0.22357438358702605
3841,0.25128309348623834
3842,0.08131564969550169
3843,0.3750937272844759
3844,0.5057353515480367
3845,0.34074611750716954
3846,0.2053740220907847
3847,0.27229616031612686
3848,0.28818892318968303
3849,0.23981009703858772
3850,0.4022838354647182
3851,0.3979265154876148
3852,0.22776802619408937
3853,0.39046627677564166
3854,0.4597979244557039
3855,0.4922588730797603
3856,0.5755070024944257
3857,0.24941866596218976
3858,0.5718206058834421
3859,0.29667611021205953
3860,0.2759744959020417
3861,0.35546580931351185
3862,0.2766950856544626
3863,0.3615042792254437
3864,0.212625272778323
3865,0.3060972680273576
3866,0.437903058543312
3867,0.3215896024342785
3868,0.33865816575184415
3869,0.36740517184737664
3870,0.427452668318856
3871,0.18275550764512521
3872,0.37644329660167763
3873,0.3025023299212801
3874,0.3399737698213385
3875,0.4171225210752905
3876,0.22187949071753468
3877,0.23741975045857536
3878,0.15738404101904593
3879,0.2771734648224339
3880,0.4396505804414723
3881,0.31388475315375713
3882,0.20814660941397364
3883,0.28188996744187733
3884,0.1949517327467999
3885,0.226125899885129
3886,0.3569332415353094
3887,0.22147189131371925
3888,0.41912284661767
3889,0.31644524022146103
3890,0.3297694382367418
3891,0.29802762149207357
3892,0.38875396816252766
3893,0.38939293357918847
3894,0.35035448969250177
3895,0.36997268716917747
3896,0.30247154853326574
3897,0.36747608453165276
3898,0.2910337357797203
3899,0.32018417350690553
3900,0.2959346328044004
3901,0.27984119913496985
3902,0.2594748230687221
3903,0.35928411027564966
3904,0.4319243077682131
3905,0.41953920979339204
3906,0.20912718789463602
3907,0.42912157797105804
3908,0.28969118063093724
3909,0.3688831928013676
3910,0.2381336304224639
3911,0.3285067996767606
3912,0.343025600193851
3913,0.1870460759915169
3914,0.36781439541751676
3915,0.43129630703946326
3916,0.2993403906449966
3917,0.4318005708966008
3918,0.2973023787959288
3919,0.3868693585264335
3920,0.12096681507985912
3921,0.5219097889370828
3922,0.4416174980966067
3923,0.28717516905663826
3924,0.1407444816170263
3925,0.3359414938035788
3926,0.1856528826166911
3927,0.34870600742332725
3928,0.34541593891556427
3929,0.227914407783476
3930,0.40597958137958984
3931,0.37826492408165313
3932,0.3925751554233078
3933,0.30846519950150053
3934,0.18476620597874494
3935,0.39146209307817664
3936,0.2829999655116126
3937,0.1856843249261793
3938,0.42252401485710317
3939,0.4867568792182206
3940,0.30105143642233817
3941,0.49102408189510577
3942,0.31161744631737465
3943,0.27033218354470984
3944,0.24823648565978254
3945,0.4440114072326122
3946,0.23435466150626644
3947,0.3650339154741309
3948,0.2525410363788917
3949,0.2606239346603043
3950,0.3891450070282792
3951,0.2666191252578034
3952,0.2639974770408118
3953,0.39658340836333705
3954,0.4363071416894658
3955,0.35337297966193965
3956,0.24042835966542123
3957,0.2524158095179572
3958,0.30303067055947935
3959,0.32339671092457484
3960,0.20963748775178637
3961,0.3572076585047042
3962,0.30153874538741654
3963,0.14515985017925576
3964,0.2127507129266477
3965,0.2490135933246402
3966,0.2858355912746846
3967,0.4551407431905056
3968,0.31174760845206734
3969,0.2178698636164346
3970,0.3092211570061317
3971,0.25915163465231944
3972,0.31722130760998907
3973,0.3388530969587004
3974,0.39275191338094056
3975,0.2854935579748875
3976,0.4289266605714018
3977,0.36516199093624235
3978,0.22484866960994956
3979,0.4768091692234258
3980,0.3133545514782942
3981,0.21227448869989937
